,n_components,alpha,reconstruction error,log_alpha
0,1,0.1,0.9103230260781006,-2.3025850929940455
1,1,0.1,1.8127692790343823,-2.3025850929940455
2,1,0.1,1.1750567798558633,-2.3025850929940455
3,1,0.1,1.4609040481843185,-2.3025850929940455
4,1,0.1,0.6390590109622835,-2.3025850929940455
5,1,0.1,0.860102466099589,-2.3025850929940455
6,1,0.1,1.4645458179110495,-2.3025850929940455
7,1,0.1,1.246788170741324,-2.3025850929940455
8,1,0.1,1.4050592107023645,-2.3025850929940455
9,1,0.1,0.7815786349431236,-2.3025850929940455
10,1,0.1,1.3940958280528326,-2.3025850929940455
11,1,0.1,1.9950500110456209,-2.3025850929940455
12,1,0.1,1.0440564938231582,-2.3025850929940455
13,1,0.1,2.0478879040485367,-2.3025850929940455
14,1,0.1,1.966436801479142,-2.3025850929940455
15,1,0.1,1.880178793959375,-2.3025850929940455
16,1,0.1,1.6423495139728759,-2.3025850929940455
17,1,0.1,0.5780943545509607,-2.3025850929940455
18,1,0.1,1.0403813902776073,-2.3025850929940455
19,1,0.1,1.1293510864489686,-2.3025850929940455
20,1,0.1,1.1184246829028441,-2.3025850929940455
21,1,0.1,1.013565802847186,-2.3025850929940455
22,2,0.1,0.8195175216323133,-2.3025850929940455
23,2,0.1,1.0123491672013243,-2.3025850929940455
24,2,0.1,1.0255532801248282,-2.3025850929940455
25,2,0.1,0.75029724255742,-2.3025850929940455
26,2,0.1,0.5545863888671068,-2.3025850929940455
27,2,0.1,0.7234692777168621,-2.3025850929940455
28,2,0.1,1.2921194692187117,-2.3025850929940455
29,2,0.1,1.0352273501437,-2.3025850929940455
30,2,0.1,1.1664975796040393,-2.3025850929940455
31,2,0.1,0.6597772636396859,-2.3025850929940455
32,2,0.1,0.92512067564768,-2.3025850929940455
33,2,0.1,1.4512449276842676,-2.3025850929940455
34,2,0.1,0.9818635759499302,-2.3025850929940455
35,2,0.1,0.8631431322813714,-2.3025850929940455
36,2,0.1,0.9009536745875824,-2.3025850929940455
37,2,0.1,1.177341638463556,-2.3025850929940455
38,2,0.1,1.1703390573502592,-2.3025850929940455
39,2,0.1,0.46255442784897866,-2.3025850929940455
40,2,0.1,0.7790462842379292,-2.3025850929940455
41,2,0.1,1.0790209811093419,-2.3025850929940455
42,2,0.1,1.080092648588304,-2.3025850929940455
43,2,0.1,0.7840937663343309,-2.3025850929940455
44,3,0.1,0.7724027995007492,-2.3025850929940455
45,3,0.1,0.6130882736478325,-2.3025850929940455
46,3,0.1,0.9449657018975398,-2.3025850929940455
47,3,0.1,0.5508566674121864,-2.3025850929940455
48,3,0.1,0.5422034907927736,-2.3025850929940455
49,3,0.1,0.6940406599939224,-2.3025850929940455
50,3,0.1,1.234688723102169,-2.3025850929940455
51,3,0.1,1.0284193020927566,-2.3025850929940455
52,3,0.1,1.1187000263272573,-2.3025850929940455
53,3,0.1,0.5501962673719204,-2.3025850929940455
54,3,0.1,0.8811949612657619,-2.3025850929940455
55,3,0.1,1.246590973100896,-2.3025850929940455
56,3,0.1,0.9766685597308368,-2.3025850929940455
57,3,0.1,0.7144616797931689,-2.3025850929940455
58,3,0.1,0.6853462632761849,-2.3025850929940455
59,3,0.1,1.0868759936176726,-2.3025850929940455
60,3,0.1,1.1106097940199882,-2.3025850929940455
61,3,0.1,0.4202731487540261,-2.3025850929940455
62,3,0.1,0.7651179165337987,-2.3025850929940455
63,3,0.1,1.0698757541829311,-2.3025850929940455
64,3,0.1,1.0714274659358898,-2.3025850929940455
65,3,0.1,0.7598032296543319,-2.3025850929940455
66,4,0.1,0.3953184657771983,-2.3025850929940455
67,4,0.1,0.523266596722,-2.3025850929940455
68,4,0.1,0.6578726837724785,-2.3025850929940455
69,4,0.1,0.4567871788478785,-2.3025850929940455
70,4,0.1,0.5436105419557469,-2.3025850929940455
71,4,0.1,0.6946994835204403,-2.3025850929940455
72,4,0.1,0.8822009971276282,-2.3025850929940455
73,4,0.1,0.7598025214084002,-2.3025850929940455
74,4,0.1,0.8689328063203287,-2.3025850929940455
75,4,0.1,0.5403337944522603,-2.3025850929940455
76,4,0.1,0.5343353778094945,-2.3025850929940455
77,4,0.1,0.5177072845896178,-2.3025850929940455
78,4,0.1,0.9165853909906919,-2.3025850929940455
79,4,0.1,0.7123554334223118,-2.3025850929940455
80,4,0.1,0.6811499681848912,-2.3025850929940455
81,4,0.1,0.9702524519570699,-2.3025850929940455
82,4,0.1,1.0001930834100978,-2.3025850929940455
83,4,0.1,0.41878095289514194,-2.3025850929940455
84,4,0.1,0.7431376385993173,-2.3025850929940455
85,4,0.1,0.8006446512704254,-2.3025850929940455
86,4,0.1,0.7442214424698731,-2.3025850929940455
87,4,0.1,0.734696867931224,-2.3025850929940455
88,5,0.1,0.3909966047678529,-2.3025850929940455
89,5,0.1,0.47857019087119834,-2.3025850929940455
90,5,0.1,0.6363283517902492,-2.3025850929940455
91,5,0.1,0.45530267027438825,-2.3025850929940455
92,5,0.1,0.4695236220981659,-2.3025850929940455
93,5,0.1,0.5692838576441585,-2.3025850929940455
94,5,0.1,0.6796863325761631,-2.3025850929940455
95,5,0.1,0.6955003215485561,-2.3025850929940455
96,5,0.1,0.8195921874816715,-2.3025850929940455
97,5,0.1,0.5018028880847695,-2.3025850929940455
98,5,0.1,0.5068023088986794,-2.3025850929940455
99,5,0.1,0.5132430853163561,-2.3025850929940455
100,5,0.1,0.8349038993981925,-2.3025850929940455
101,5,0.1,0.5736192349963688,-2.3025850929940455
102,5,0.1,0.5593107322765805,-2.3025850929940455
103,5,0.1,0.576387305615217,-2.3025850929940455
104,5,0.1,0.4294232400176248,-2.3025850929940455
105,5,0.1,0.3558498901762166,-2.3025850929940455
106,5,0.1,0.632386718963921,-2.3025850929940455
107,5,0.1,0.7001207426195551,-2.3025850929940455
108,5,0.1,0.6331516045815956,-2.3025850929940455
109,5,0.1,0.6911888905820879,-2.3025850929940455
110,6,0.1,0.3791935929779744,-2.3025850929940455
111,6,0.1,0.43709725511467556,-2.3025850929940455
112,6,0.1,0.4594084703479934,-2.3025850929940455
113,6,0.1,0.4544506608353943,-2.3025850929940455
114,6,0.1,0.38288212662271326,-2.3025850929940455
115,6,0.1,0.5478467560585871,-2.3025850929940455
116,6,0.1,0.6695110657631145,-2.3025850929940455
117,6,0.1,0.5767986699373563,-2.3025850929940455
118,6,0.1,0.6614289497202732,-2.3025850929940455
119,6,0.1,0.49597552421546376,-2.3025850929940455
120,6,0.1,0.46818172377877965,-2.3025850929940455
121,6,0.1,0.5059116094780441,-2.3025850929940455
122,6,0.1,0.45648379568692254,-2.3025850929940455
123,6,0.1,0.46655498420751723,-2.3025850929940455
124,6,0.1,0.520346226348207,-2.3025850929940455
125,6,0.1,0.5657606160197175,-2.3025850929940455
126,6,0.1,0.38340482225640865,-2.3025850929940455
127,6,0.1,0.3414339263021534,-2.3025850929940455
128,6,0.1,0.632955676086498,-2.3025850929940455
129,6,0.1,0.6748575424755592,-2.3025850929940455
130,6,0.1,0.6201074031037367,-2.3025850929940455
131,6,0.1,0.6256843593607394,-2.3025850929940455
132,7,0.1,0.3890632307136596,-2.3025850929940455
133,7,0.1,0.43665801644917607,-2.3025850929940455
134,7,0.1,0.44662399213126136,-2.3025850929940455
135,7,0.1,0.44937099570611494,-2.3025850929940455
136,7,0.1,0.3708908686609233,-2.3025850929940455
137,7,0.1,0.5311262880275761,-2.3025850929940455
138,7,0.1,0.5566009173137227,-2.3025850929940455
139,7,0.1,0.544893403617599,-2.3025850929940455
140,7,0.1,0.6332523200472794,-2.3025850929940455
141,7,0.1,0.48572609004526995,-2.3025850929940455
142,7,0.1,0.43351614835302915,-2.3025850929940455
143,7,0.1,0.4941231793839228,-2.3025850929940455
144,7,0.1,0.44792288491122395,-2.3025850929940455
145,7,0.1,0.4602027996276283,-2.3025850929940455
146,7,0.1,0.5157490047861112,-2.3025850929940455
147,7,0.1,0.546009113918991,-2.3025850929940455
148,7,0.1,0.3823276753235383,-2.3025850929940455
149,7,0.1,0.32279097326653067,-2.3025850929940455
150,7,0.1,0.5152523310780263,-2.3025850929940455
151,7,0.1,0.4856279849233908,-2.3025850929940455
152,7,0.1,0.5455151774861461,-2.3025850929940455
153,7,0.1,0.6240922054882869,-2.3025850929940455
154,8,0.1,0.3680055923669874,-2.3025850929940455
155,8,0.1,0.43609490242175136,-2.3025850929940455
156,8,0.1,0.44419008692814227,-2.3025850929940455
157,8,0.1,0.41838330341367996,-2.3025850929940455
158,8,0.1,0.35793847344747126,-2.3025850929940455
159,8,0.1,0.5143110303074471,-2.3025850929940455
160,8,0.1,0.5549939218672435,-2.3025850929940455
161,8,0.1,0.48351807747645714,-2.3025850929940455
162,8,0.1,0.47614059829570804,-2.3025850929940455
163,8,0.1,0.4463259174945066,-2.3025850929940455
164,8,0.1,0.4286193595645621,-2.3025850929940455
165,8,0.1,0.4771214562802727,-2.3025850929940455
166,8,0.1,0.4262296345760638,-2.3025850929940455
167,8,0.1,0.42249803313549705,-2.3025850929940455
168,8,0.1,0.4962491456718997,-2.3025850929940455
169,8,0.1,0.4999263105121464,-2.3025850929940455
170,8,0.1,0.3711378715987896,-2.3025850929940455
171,8,0.1,0.3204208928728344,-2.3025850929940455
172,8,0.1,0.5101687899538084,-2.3025850929940455
173,8,0.1,0.4692404796967209,-2.3025850929940455
174,8,0.1,0.49756419877623714,-2.3025850929940455
175,8,0.1,0.6183790581234561,-2.3025850929940455
176,9,0.1,0.33980235247751284,-2.3025850929940455
177,9,0.1,0.42671600746883265,-2.3025850929940455
178,9,0.1,0.41388234300827376,-2.3025850929940455
179,9,0.1,0.41282555834646506,-2.3025850929940455
180,9,0.1,0.3468668119245711,-2.3025850929940455
181,9,0.1,0.509546475989675,-2.3025850929940455
182,9,0.1,0.5107418664376756,-2.3025850929940455
183,9,0.1,0.39688258423135364,-2.3025850929940455
184,9,0.1,0.43095458616498156,-2.3025850929940455
185,9,0.1,0.44843596196493524,-2.3025850929940455
186,9,0.1,0.4279194516465453,-2.3025850929940455
187,9,0.1,0.4330093287654228,-2.3025850929940455
188,9,0.1,0.3646582109131526,-2.3025850929940455
189,9,0.1,0.368946299410322,-2.3025850929940455
190,9,0.1,0.430343142930786,-2.3025850929940455
191,9,0.1,0.49383979585058024,-2.3025850929940455
192,9,0.1,0.3475454316202392,-2.3025850929940455
193,9,0.1,0.3150944544547016,-2.3025850929940455
194,9,0.1,0.50632502538771,-2.3025850929940455
195,9,0.1,0.4698087936738882,-2.3025850929940455
196,9,0.1,0.4995203230871589,-2.3025850929940455
197,9,0.1,0.5880496199373832,-2.3025850929940455
198,10,0.1,0.33229102606264405,-2.3025850929940455
199,10,0.1,0.4272908314414378,-2.3025850929940455
200,10,0.1,0.4043500961126524,-2.3025850929940455
201,10,0.1,0.3900907601649239,-2.3025850929940455
202,10,0.1,0.3437982147766637,-2.3025850929940455
203,10,0.1,0.4991540056716257,-2.3025850929940455
204,10,0.1,0.5124859377236641,-2.3025850929940455
205,10,0.1,0.37068500715641606,-2.3025850929940455
206,10,0.1,0.4465464664348016,-2.3025850929940455
207,10,0.1,0.38332888619674926,-2.3025850929940455
208,10,0.1,0.41924422985802,-2.3025850929940455
209,10,0.1,0.4294456725129192,-2.3025850929940455
210,10,0.1,0.3679114363351068,-2.3025850929940455
211,10,0.1,0.36725721901466873,-2.3025850929940455
212,10,0.1,0.42616873673736966,-2.3025850929940455
213,10,0.1,0.4362091517625672,-2.3025850929940455
214,10,0.1,0.2993397947608467,-2.3025850929940455
215,10,0.1,0.3164281690144026,-2.3025850929940455
216,10,0.1,0.5019127311966579,-2.3025850929940455
217,10,0.1,0.4540044846350674,-2.3025850929940455
218,10,0.1,0.48306017770052173,-2.3025850929940455
219,10,0.1,0.5877006805446349,-2.3025850929940455
220,11,0.1,0.3079142106806013,-2.3025850929940455
221,11,0.1,0.40322188759141436,-2.3025850929940455
222,11,0.1,0.38505002710725017,-2.3025850929940455
223,11,0.1,0.305646201597203,-2.3025850929940455
224,11,0.1,0.2865431462613075,-2.3025850929940455
225,11,0.1,0.48692474798275764,-2.3025850929940455
226,11,0.1,0.3383086460687814,-2.3025850929940455
227,11,0.1,0.3531820499650064,-2.3025850929940455
228,11,0.1,0.40430752905821404,-2.3025850929940455
229,11,0.1,0.3604038108930647,-2.3025850929940455
230,11,0.1,0.396331062043385,-2.3025850929940455
231,11,0.1,0.3925825597534675,-2.3025850929940455
232,11,0.1,0.3059216220099451,-2.3025850929940455
233,11,0.1,0.35932048668917727,-2.3025850929940455
234,11,0.1,0.3831682525724386,-2.3025850929940455
235,11,0.1,0.4105071475248391,-2.3025850929940455
236,11,0.1,0.28713765511378697,-2.3025850929940455
237,11,0.1,0.31074142456254394,-2.3025850929940455
238,11,0.1,0.48135353664291614,-2.3025850929940455
239,11,0.1,0.3390325010611227,-2.3025850929940455
240,11,0.1,0.4756229789822813,-2.3025850929940455
241,11,0.1,0.5576137250764427,-2.3025850929940455
242,12,0.1,0.2317262921532945,-2.3025850929940455
243,12,0.1,0.31809699747281184,-2.3025850929940455
244,12,0.1,0.30511453513074993,-2.3025850929940455
245,12,0.1,0.2313971296426971,-2.3025850929940455
246,12,0.1,0.25369321111923104,-2.3025850929940455
247,12,0.1,0.40849600808302805,-2.3025850929940455
248,12,0.1,0.28841813016710666,-2.3025850929940455
249,12,0.1,0.31580879445367405,-2.3025850929940455
250,12,0.1,0.25311366839470467,-2.3025850929940455
251,12,0.1,0.3429969488388069,-2.3025850929940455
252,12,0.1,0.3971637838180957,-2.3025850929940455
253,12,0.1,0.3207022159446343,-2.3025850929940455
254,12,0.1,0.25954289952611403,-2.3025850929940455
255,12,0.1,0.29251445836561896,-2.3025850929940455
256,12,0.1,0.3043965457509633,-2.3025850929940455
257,12,0.1,0.31804014567739836,-2.3025850929940455
258,12,0.1,0.27670530351267136,-2.3025850929940455
259,12,0.1,0.28534997296748515,-2.3025850929940455
260,12,0.1,0.38811997924693725,-2.3025850929940455
261,12,0.1,0.32686000735594434,-2.3025850929940455
262,12,0.1,0.2911975470097818,-2.3025850929940455
263,12,0.1,0.3886857920601599,-2.3025850929940455
264,13,0.1,0.2238476813887402,-2.3025850929940455
265,13,0.1,0.3145362876344386,-2.3025850929940455
266,13,0.1,0.2553847254685646,-2.3025850929940455
267,13,0.1,0.23233333034624049,-2.3025850929940455
268,13,0.1,0.21921903957996586,-2.3025850929940455
269,13,0.1,0.3754078625269364,-2.3025850929940455
270,13,0.1,0.27014218062662054,-2.3025850929940455
271,13,0.1,0.2764285027243172,-2.3025850929940455
272,13,0.1,0.2446539375918248,-2.3025850929940455
273,13,0.1,0.3313386926321987,-2.3025850929940455
274,13,0.1,0.3590331496884977,-2.3025850929940455
275,13,0.1,0.2874654749400399,-2.3025850929940455
276,13,0.1,0.26092659173520916,-2.3025850929940455
277,13,0.1,0.28970661005287757,-2.3025850929940455
278,13,0.1,0.29951209552103364,-2.3025850929940455
279,13,0.1,0.2924614009684805,-2.3025850929940455
280,13,0.1,0.26354443955980544,-2.3025850929940455
281,13,0.1,0.27894654725370427,-2.3025850929940455
282,13,0.1,0.2972555673396832,-2.3025850929940455
283,13,0.1,0.319824165773549,-2.3025850929940455
284,13,0.1,0.2759168578323163,-2.3025850929940455
285,13,0.1,0.33177951432495917,-2.3025850929940455
286,14,0.1,0.2180370196839813,-2.3025850929940455
287,14,0.1,0.3148587345012107,-2.3025850929940455
288,14,0.1,0.2541390791554822,-2.3025850929940455
289,14,0.1,0.22497167867261653,-2.3025850929940455
290,14,0.1,0.21217381967458843,-2.3025850929940455
291,14,0.1,0.3450531405386894,-2.3025850929940455
292,14,0.1,0.2674856855100418,-2.3025850929940455
293,14,0.1,0.27780776822383657,-2.3025850929940455
294,14,0.1,0.24079936084772718,-2.3025850929940455
295,14,0.1,0.31382480266626117,-2.3025850929940455
296,14,0.1,0.3463423453629469,-2.3025850929940455
297,14,0.1,0.2665478027759917,-2.3025850929940455
298,14,0.1,0.255015802634201,-2.3025850929940455
299,14,0.1,0.2717547841459862,-2.3025850929940455
300,14,0.1,0.299934129668874,-2.3025850929940455
301,14,0.1,0.26820331436998446,-2.3025850929940455
302,14,0.1,0.25417678054027515,-2.3025850929940455
303,14,0.1,0.2734515156857856,-2.3025850929940455
304,14,0.1,0.2950122712642668,-2.3025850929940455
305,14,0.1,0.3064240155588023,-2.3025850929940455
306,14,0.1,0.2785644954815821,-2.3025850929940455
307,14,0.1,0.2967687937345601,-2.3025850929940455
308,15,0.1,0.21321695111211592,-2.3025850929940455
309,15,0.1,0.3151775845003078,-2.3025850929940455
310,15,0.1,0.2582161678154839,-2.3025850929940455
311,15,0.1,0.22038384134026148,-2.3025850929940455
312,15,0.1,0.20891079809041246,-2.3025850929940455
313,15,0.1,0.33022945570226087,-2.3025850929940455
314,15,0.1,0.26411145558831545,-2.3025850929940455
315,15,0.1,0.2788878021925596,-2.3025850929940455
316,15,0.1,0.24181099523353775,-2.3025850929940455
317,15,0.1,0.310397489086743,-2.3025850929940455
318,15,0.1,0.3217278137407083,-2.3025850929940455
319,15,0.1,0.2671001500099533,-2.3025850929940455
320,15,0.1,0.2522939927277472,-2.3025850929940455
321,15,0.1,0.24787241289912884,-2.3025850929940455
322,15,0.1,0.28620933485465416,-2.3025850929940455
323,15,0.1,0.2697304676523159,-2.3025850929940455
324,15,0.1,0.2610514167579611,-2.3025850929940455
325,15,0.1,0.26596615402885393,-2.3025850929940455
326,15,0.1,0.29038534353379486,-2.3025850929940455
327,15,0.1,0.2985982553841858,-2.3025850929940455
328,15,0.1,0.279441785264365,-2.3025850929940455
329,15,0.1,0.25495343009989513,-2.3025850929940455
330,16,0.1,0.21390541316851366,-2.3025850929940455
331,16,0.1,0.30181686285459375,-2.3025850929940455
332,16,0.1,0.24558862380561042,-2.3025850929940455
333,16,0.1,0.2049811315865668,-2.3025850929940455
334,16,0.1,0.19626585665001547,-2.3025850929940455
335,16,0.1,0.29781781196944757,-2.3025850929940455
336,16,0.1,0.24720374287071797,-2.3025850929940455
337,16,0.1,0.2663057902282656,-2.3025850929940455
338,16,0.1,0.23672335860552793,-2.3025850929940455
339,16,0.1,0.31707825562642533,-2.3025850929940455
340,16,0.1,0.25136755411919304,-2.3025850929940455
341,16,0.1,0.2573288052396175,-2.3025850929940455
342,16,0.1,0.22621845975838328,-2.3025850929940455
343,16,0.1,0.2368824422154408,-2.3025850929940455
344,16,0.1,0.2643287577194814,-2.3025850929940455
345,16,0.1,0.24445209996321504,-2.3025850929940455
346,16,0.1,0.26504917556128327,-2.3025850929940455
347,16,0.1,0.2585333317555115,-2.3025850929940455
348,16,0.1,0.28184404851005984,-2.3025850929940455
349,16,0.1,0.2700566776997539,-2.3025850929940455
350,16,0.1,0.2449992244732509,-2.3025850929940455
351,16,0.1,0.2569762129979218,-2.3025850929940455
352,17,0.1,0.19948730664698436,-2.3025850929940455
353,17,0.1,0.2520772630961308,-2.3025850929940455
354,17,0.1,0.22360173995502133,-2.3025850929940455
355,17,0.1,0.19286669457134217,-2.3025850929940455
356,17,0.1,0.18760312382377092,-2.3025850929940455
357,17,0.1,0.25201345013757825,-2.3025850929940455
358,17,0.1,0.23047583646037206,-2.3025850929940455
359,17,0.1,0.24780097042829774,-2.3025850929940455
360,17,0.1,0.20065640791446226,-2.3025850929940455
361,17,0.1,0.29073258679945796,-2.3025850929940455
362,17,0.1,0.22579861244799515,-2.3025850929940455
363,17,0.1,0.2405151375487382,-2.3025850929940455
364,17,0.1,0.2144764025366033,-2.3025850929940455
365,17,0.1,0.2324793449385399,-2.3025850929940455
366,17,0.1,0.2221879307955971,-2.3025850929940455
367,17,0.1,0.2287213173199209,-2.3025850929940455
368,17,0.1,0.22010598671773138,-2.3025850929940455
369,17,0.1,0.2377976570214198,-2.3025850929940455
370,17,0.1,0.27564413248235986,-2.3025850929940455
371,17,0.1,0.22293700958886295,-2.3025850929940455
372,17,0.1,0.2389625605223718,-2.3025850929940455
373,17,0.1,0.20711389649619358,-2.3025850929940455
374,18,0.1,0.18517719883632,-2.3025850929940455
375,18,0.1,0.23096432655831245,-2.3025850929940455
376,18,0.1,0.1916608440797021,-2.3025850929940455
377,18,0.1,0.19175230764779633,-2.3025850929940455
378,18,0.1,0.17096323335283106,-2.3025850929940455
379,18,0.1,0.23410858591070333,-2.3025850929940455
380,18,0.1,0.20928750858935474,-2.3025850929940455
381,18,0.1,0.22185959487957815,-2.3025850929940455
382,18,0.1,0.20153814003837794,-2.3025850929940455
383,18,0.1,0.20760149142779652,-2.3025850929940455
384,18,0.1,0.20096509046881708,-2.3025850929940455
385,18,0.1,0.209738776186193,-2.3025850929940455
386,18,0.1,0.18155097300110318,-2.3025850929940455
387,18,0.1,0.19377420406374452,-2.3025850929940455
388,18,0.1,0.20875847096198089,-2.3025850929940455
389,18,0.1,0.21427847520501409,-2.3025850929940455
390,18,0.1,0.20222453198010973,-2.3025850929940455
391,18,0.1,0.2223061616878145,-2.3025850929940455
392,18,0.1,0.23570338824861967,-2.3025850929940455
393,18,0.1,0.20124764538270454,-2.3025850929940455
394,18,0.1,0.22664936796081103,-2.3025850929940455
395,18,0.1,0.18954221485779174,-2.3025850929940455
396,19,0.1,0.15621824947976498,-2.3025850929940455
397,19,0.1,0.16561738437855528,-2.3025850929940455
398,19,0.1,0.16378138132568884,-2.3025850929940455
399,19,0.1,0.16438856550584058,-2.3025850929940455
400,19,0.1,0.17335150955304188,-2.3025850929940455
401,19,0.1,0.16436399233946586,-2.3025850929940455
402,19,0.1,0.17933998497209347,-2.3025850929940455
403,19,0.1,0.21140974462730328,-2.3025850929940455
404,19,0.1,0.1764240370383728,-2.3025850929940455
405,19,0.1,0.19314503725086507,-2.3025850929940455
406,19,0.1,0.15828009024663975,-2.3025850929940455
407,19,0.1,0.1734342865107789,-2.3025850929940455
408,19,0.1,0.11748882663425109,-2.3025850929940455
409,19,0.1,0.16782846837526474,-2.3025850929940455
410,19,0.1,0.1487762235370788,-2.3025850929940455
411,19,0.1,0.16890253240144537,-2.3025850929940455
412,19,0.1,0.19330469531550487,-2.3025850929940455
413,19,0.1,0.20333089821914474,-2.3025850929940455
414,19,0.1,0.19087902289110492,-2.3025850929940455
415,19,0.1,0.17083451126438645,-2.3025850929940455
416,19,0.1,0.19754161520937014,-2.3025850929940455
417,19,0.1,0.1986537790713262,-2.3025850929940455
418,1,0.5,0.9385115463481711,-0.6931471805599453
419,1,0.5,1.9765548302110385,-0.6931471805599453
420,1,0.5,1.4055708017017496,-0.6931471805599453
421,1,0.5,1.5967331979004087,-0.6931471805599453
422,1,0.5,0.8437877073963179,-0.6931471805599453
423,1,0.5,0.7957898768276404,-0.6931471805599453
424,1,0.5,1.4910571362276148,-0.6931471805599453
425,1,0.5,1.2769976891482109,-0.6931471805599453
426,1,0.5,1.4787251322532442,-0.6931471805599453
427,1,0.5,0.8496557243463854,-0.6931471805599453
428,1,0.5,1.47028467803819,-0.6931471805599453
429,1,0.5,2.1395364508391754,-0.6931471805599453
430,1,0.5,1.0477777414846063,-0.6931471805599453
431,1,0.5,2.1807820665201865,-0.6931471805599453
432,1,0.5,2.090585689394895,-0.6931471805599453
433,1,0.5,1.990278084261232,-0.6931471805599453
434,1,0.5,1.8062555275602912,-0.6931471805599453
435,1,0.5,0.5236374545732353,-0.6931471805599453
436,1,0.5,1.0903097932469177,-0.6931471805599453
437,1,0.5,1.2433257039967536,-0.6931471805599453
438,1,0.5,1.2161774473826839,-0.6931471805599453
439,1,0.5,1.059206936732206,-0.6931471805599453
440,2,0.5,0.8487018705606687,-0.6931471805599453
441,2,0.5,1.082277883772913,-0.6931471805599453
442,2,0.5,1.1057433003580366,-0.6931471805599453
443,2,0.5,0.7679167978622868,-0.6931471805599453
444,2,0.5,0.5843692087290852,-0.6931471805599453
445,2,0.5,0.6868173225845629,-0.6931471805599453
446,2,0.5,1.3413269702085298,-0.6931471805599453
447,2,0.5,1.0913423300662133,-0.6931471805599453
448,2,0.5,1.2181780639480289,-0.6931471805599453
449,2,0.5,0.6808617135947532,-0.6931471805599453
450,2,0.5,1.0184747484279426,-0.6931471805599453
451,2,0.5,1.5587609603330532,-0.6931471805599453
452,2,0.5,0.9992844770637264,-0.6931471805599453
453,2,0.5,0.9835346005280355,-0.6931471805599453
454,2,0.5,1.0108941621773087,-0.6931471805599453
455,2,0.5,1.2849960860025509,-0.6931471805599453
456,2,0.5,1.2680833814541534,-0.6931471805599453
457,2,0.5,0.4236734591661099,-0.6931471805599453
458,2,0.5,0.8382230802482233,-0.6931471805599453
459,2,0.5,1.1341628472979295,-0.6931471805599453
460,2,0.5,1.1398801491718027,-0.6931471805599453
461,2,0.5,0.8204606468773256,-0.6931471805599453
462,3,0.5,0.8179259361910562,-0.6931471805599453
463,3,0.5,0.7154425397179633,-0.6931471805599453
464,3,0.5,0.994617547596273,-0.6931471805599453
465,3,0.5,0.530020842798852,-0.6931471805599453
466,3,0.5,0.527963942829726,-0.6931471805599453
467,3,0.5,0.6634341259959654,-0.6931471805599453
468,3,0.5,1.303684552859895,-0.6931471805599453
469,3,0.5,1.0714393458471465,-0.6931471805599453
470,3,0.5,1.1547306629430534,-0.6931471805599453
471,3,0.5,0.5753458447297586,-0.6931471805599453
472,3,0.5,0.9393297514768175,-0.6931471805599453
473,3,0.5,1.298946646436924,-0.6931471805599453
474,3,0.5,0.9895645807150312,-0.6931471805599453
475,3,0.5,0.8247773298672054,-0.6931471805599453
476,3,0.5,0.794328695210603,-0.6931471805599453
477,3,0.5,1.2051815707337818,-0.6931471805599453
478,3,0.5,1.1884869340241209,-0.6931471805599453
479,3,0.5,0.3992609694817831,-0.6931471805599453
480,3,0.5,0.810675947800046,-0.6931471805599453
481,3,0.5,1.1042724671016941,-0.6931471805599453
482,3,0.5,1.1116488741150536,-0.6931471805599453
483,3,0.5,0.7849391946884227,-0.6931471805599453
484,4,0.5,0.4005450119915144,-0.6931471805599453
485,4,0.5,0.5450813553283823,-0.6931471805599453
486,4,0.5,0.6503032051953731,-0.6931471805599453
487,4,0.5,0.4769455728528025,-0.6931471805599453
488,4,0.5,0.5283130834580989,-0.6931471805599453
489,4,0.5,0.6621870380550873,-0.6931471805599453
490,4,0.5,0.9363135637844591,-0.6931471805599453
491,4,0.5,0.82684106492311,-0.6931471805599453
492,4,0.5,0.9348509472977592,-0.6931471805599453
493,4,0.5,0.5695435092408213,-0.6931471805599453
494,4,0.5,0.6314553419397266,-0.6931471805599453
495,4,0.5,0.680305409484725,-0.6931471805599453
496,4,0.5,0.9313364315154732,-0.6931471805599453
497,4,0.5,0.8160908105607592,-0.6931471805599453
498,4,0.5,0.7855377718022524,-0.6931471805599453
499,4,0.5,1.0777228244028532,-0.6931471805599453
500,4,0.5,1.0683313016193732,-0.6931471805599453
501,4,0.5,0.39992428563655047,-0.6931471805599453
502,4,0.5,0.7982383420992998,-0.6931471805599453
503,4,0.5,0.8829515420280125,-0.6931471805599453
504,4,0.5,0.839744532539175,-0.6931471805599453
505,4,0.5,0.7570455050302735,-0.6931471805599453
506,5,0.5,0.3933245026492635,-0.6931471805599453
507,5,0.5,0.5422225939801909,-0.6931471805599453
508,5,0.5,0.6034087776266059,-0.6931471805599453
509,5,0.5,0.47313725734365614,-0.6931471805599453
510,5,0.5,0.4595852252202675,-0.6931471805599453
511,5,0.5,0.5826951283731242,-0.6931471805599453
512,5,0.5,0.7259105981764922,-0.6931471805599453
513,5,0.5,0.7091137658557791,-0.6931471805599453
514,5,0.5,0.8578765718658502,-0.6931471805599453
515,5,0.5,0.5654389327367406,-0.6931471805599453
516,5,0.5,0.5747494120884767,-0.6931471805599453
517,5,0.5,0.6760167167503492,-0.6931471805599453
518,5,0.5,0.719399426104185,-0.6931471805599453
519,5,0.5,0.6197618215641675,-0.6931471805599453
520,5,0.5,0.6500251033618862,-0.6931471805599453
521,5,0.5,0.764749560712775,-0.6931471805599453
522,5,0.5,0.5675510052670908,-0.6931471805599453
523,5,0.5,0.3664501764320006,-0.6931471805599453
524,5,0.5,0.7086320487168953,-0.6931471805599453
525,5,0.5,0.7910651026650148,-0.6931471805599453
526,5,0.5,0.7744677670705883,-0.6931471805599453
527,5,0.5,0.6903510202511823,-0.6931471805599453
528,6,0.5,0.377758787074313,-0.6931471805599453
529,6,0.5,0.4990815118884871,-0.6931471805599453
530,6,0.5,0.51630039780673,-0.6931471805599453
531,6,0.5,0.466152887107735,-0.6931471805599453
532,6,0.5,0.4306437535583943,-0.6931471805599453
533,6,0.5,0.5620711963246883,-0.6931471805599453
534,6,0.5,0.6560621950976417,-0.6931471805599453
535,6,0.5,0.6367236084337197,-0.6931471805599453
536,6,0.5,0.765896714067605,-0.6931471805599453
537,6,0.5,0.5585682413614927,-0.6931471805599453
538,6,0.5,0.5326228485622838,-0.6931471805599453
539,6,0.5,0.6628472954903202,-0.6931471805599453
540,6,0.5,0.4501031368838025,-0.6931471805599453
541,6,0.5,0.5671084787116669,-0.6931471805599453
542,6,0.5,0.6380553051942657,-0.6931471805599453
543,6,0.5,0.7340238052244262,-0.6931471805599453
544,6,0.5,0.5051887580951114,-0.6931471805599453
545,6,0.5,0.35236425961163714,-0.6931471805599453
546,6,0.5,0.7073537011467591,-0.6931471805599453
547,6,0.5,0.7650256097853558,-0.6931471805599453
548,6,0.5,0.7348516067876819,-0.6931471805599453
549,6,0.5,0.6328653728858205,-0.6931471805599453
550,7,0.5,0.37651023005547407,-0.6931471805599453
551,7,0.5,0.4797116818416947,-0.6931471805599453
552,7,0.5,0.5036341482926388,-0.6931471805599453
553,7,0.5,0.4568289398543615,-0.6931471805599453
554,7,0.5,0.4167514277778281,-0.6931471805599453
555,7,0.5,0.5392140798240113,-0.6931471805599453
556,7,0.5,0.6150947840961556,-0.6931471805599453
557,7,0.5,0.6280907484182773,-0.6931471805599453
558,7,0.5,0.7474293338405228,-0.6931471805599453
559,7,0.5,0.5340963404129354,-0.6931471805599453
560,7,0.5,0.4921542727752057,-0.6931471805599453
561,7,0.5,0.6474152998324486,-0.6931471805599453
562,7,0.5,0.3547959448467202,-0.6931471805599453
563,7,0.5,0.5046001007282306,-0.6931471805599453
564,7,0.5,0.597193189282127,-0.6931471805599453
565,7,0.5,0.6542412090504003,-0.6931471805599453
566,7,0.5,0.48655612551273253,-0.6931471805599453
567,7,0.5,0.3391139935551075,-0.6931471805599453
568,7,0.5,0.585703867203387,-0.6931471805599453
569,7,0.5,0.6441986548659995,-0.6931471805599453
570,7,0.5,0.5857031059437569,-0.6931471805599453
571,7,0.5,0.6050415891946834,-0.6931471805599453
572,8,0.5,0.32363500084749136,-0.6931471805599453
573,8,0.5,0.4575072173178631,-0.6931471805599453
574,8,0.5,0.47247773074383087,-0.6931471805599453
575,8,0.5,0.43324420892093674,-0.6931471805599453
576,8,0.5,0.4096481901424162,-0.6931471805599453
577,8,0.5,0.5332204099336548,-0.6931471805599453
578,8,0.5,0.588261504424959,-0.6931471805599453
579,8,0.5,0.6197996915843507,-0.6931471805599453
580,8,0.5,0.7609222044529578,-0.6931471805599453
581,8,0.5,0.542171288133885,-0.6931471805599453
582,8,0.5,0.5076400455890515,-0.6931471805599453
583,8,0.5,0.604278945865658,-0.6931471805599453
584,8,0.5,0.3629471860342896,-0.6931471805599453
585,8,0.5,0.40334315744404126,-0.6931471805599453
586,8,0.5,0.5101154370766106,-0.6931471805599453
587,8,0.5,0.6148560091422446,-0.6931471805599453
588,8,0.5,0.4414219162299795,-0.6931471805599453
589,8,0.5,0.34009433712476117,-0.6931471805599453
590,8,0.5,0.5929098970002963,-0.6931471805599453
591,8,0.5,0.6726706477726251,-0.6931471805599453
592,8,0.5,0.5865123361014823,-0.6931471805599453
593,8,0.5,0.6020586250800931,-0.6931471805599453
594,9,0.5,0.3290560388307025,-0.6931471805599453
595,9,0.5,0.44551695145052456,-0.6931471805599453
596,9,0.5,0.45995812462627006,-0.6931471805599453
597,9,0.5,0.4267769956728877,-0.6931471805599453
598,9,0.5,0.37746808807080545,-0.6931471805599453
599,9,0.5,0.5164702607089798,-0.6931471805599453
600,9,0.5,0.5765086221877305,-0.6931471805599453
601,9,0.5,0.4410625641296279,-0.6931471805599453
602,9,0.5,0.6245709652372505,-0.6931471805599453
603,9,0.5,0.527817450721841,-0.6931471805599453
604,9,0.5,0.45857738224975836,-0.6931471805599453
605,9,0.5,0.6208097932015272,-0.6931471805599453
606,9,0.5,0.4267221982881195,-0.6931471805599453
607,9,0.5,0.4441568898357787,-0.6931471805599453
608,9,0.5,0.49298592622292386,-0.6931471805599453
609,9,0.5,0.6522904991254033,-0.6931471805599453
610,9,0.5,0.5127121353995125,-0.6931471805599453
611,9,0.5,0.3295691460530981,-0.6931471805599453
612,9,0.5,0.5546879101401408,-0.6931471805599453
613,9,0.5,0.626752735226331,-0.6931471805599453
614,9,0.5,0.5718033325792568,-0.6931471805599453
615,9,0.5,0.6053975527703397,-0.6931471805599453
616,10,0.5,0.2883297814690206,-0.6931471805599453
617,10,0.5,0.4240792004746083,-0.6931471805599453
618,10,0.5,0.39127606119678376,-0.6931471805599453
619,10,0.5,0.4191928226300923,-0.6931471805599453
620,10,0.5,0.36023599399533257,-0.6931471805599453
621,10,0.5,0.47772175454873084,-0.6931471805599453
622,10,0.5,0.5516511343973796,-0.6931471805599453
623,10,0.5,0.4087858180267522,-0.6931471805599453
624,10,0.5,0.5730468572338786,-0.6931471805599453
625,10,0.5,0.5144843975242792,-0.6931471805599453
626,10,0.5,0.45157336584285945,-0.6931471805599453
627,10,0.5,0.5515507627974437,-0.6931471805599453
628,10,0.5,0.4251517130443972,-0.6931471805599453
629,10,0.5,0.3739200299232604,-0.6931471805599453
630,10,0.5,0.42964227197152943,-0.6931471805599453
631,10,0.5,0.5597379016898009,-0.6931471805599453
632,10,0.5,0.4197465170979869,-0.6931471805599453
633,10,0.5,0.30931843462306435,-0.6931471805599453
634,10,0.5,0.5419944300959246,-0.6931471805599453
635,10,0.5,0.641745934366706,-0.6931471805599453
636,10,0.5,0.549363273308846,-0.6931471805599453
637,10,0.5,0.5852499564298194,-0.6931471805599453
638,11,0.5,0.2790695919811618,-0.6931471805599453
639,11,0.5,0.41783087462632446,-0.6931471805599453
640,11,0.5,0.3876928842509937,-0.6931471805599453
641,11,0.5,0.4049718420554323,-0.6931471805599453
642,11,0.5,0.34271081962836636,-0.6931471805599453
643,11,0.5,0.48089085159362177,-0.6931471805599453
644,11,0.5,0.5562794014722817,-0.6931471805599453
645,11,0.5,0.4116060445689979,-0.6931471805599453
646,11,0.5,0.5724435013284618,-0.6931471805599453
647,11,0.5,0.5161291708414177,-0.6931471805599453
648,11,0.5,0.44325951510561007,-0.6931471805599453
649,11,0.5,0.5212406106441755,-0.6931471805599453
650,11,0.5,0.42131962211799145,-0.6931471805599453
651,11,0.5,0.3812925287037024,-0.6931471805599453
652,11,0.5,0.4347169244324227,-0.6931471805599453
653,11,0.5,0.5941257379890675,-0.6931471805599453
654,11,0.5,0.4424562893583221,-0.6931471805599453
655,11,0.5,0.31054311340864,-0.6931471805599453
656,11,0.5,0.5330560987314006,-0.6931471805599453
657,11,0.5,0.6216933960257215,-0.6931471805599453
658,11,0.5,0.552743969661485,-0.6931471805599453
659,11,0.5,0.5697705339398464,-0.6931471805599453
660,12,0.5,0.3107467220344039,-0.6931471805599453
661,12,0.5,0.44601296653088335,-0.6931471805599453
662,12,0.5,0.43718329486007146,-0.6931471805599453
663,12,0.5,0.414012214277487,-0.6931471805599453
664,12,0.5,0.3304875917415701,-0.6931471805599453
665,12,0.5,0.4833043617660617,-0.6931471805599453
666,12,0.5,0.5410734998455785,-0.6931471805599453
667,12,0.5,0.37709690950850244,-0.6931471805599453
668,12,0.5,0.4720160429984539,-0.6931471805599453
669,12,0.5,0.4436887245838795,-0.6931471805599453
670,12,0.5,0.43014095356373677,-0.6931471805599453
671,12,0.5,0.5724233468121729,-0.6931471805599453
672,12,0.5,0.3749041387335765,-0.6931471805599453
673,12,0.5,0.37526553846447763,-0.6931471805599453
674,12,0.5,0.4173154729171446,-0.6931471805599453
675,12,0.5,0.4881767683827469,-0.6931471805599453
676,12,0.5,0.40597761240480007,-0.6931471805599453
677,12,0.5,0.3035979317106448,-0.6931471805599453
678,12,0.5,0.48984076615767935,-0.6931471805599453
679,12,0.5,0.49013684224227827,-0.6931471805599453
680,12,0.5,0.5197042990933967,-0.6931471805599453
681,12,0.5,0.563046550607769,-0.6931471805599453
682,13,0.5,0.2722601330130391,-0.6931471805599453
683,13,0.5,0.39763954964737425,-0.6931471805599453
684,13,0.5,0.3688648531321632,-0.6931471805599453
685,13,0.5,0.39470671766963833,-0.6931471805599453
686,13,0.5,0.30884489397349635,-0.6931471805599453
687,13,0.5,0.4722832452454173,-0.6931471805599453
688,13,0.5,0.556421621048655,-0.6931471805599453
689,13,0.5,0.3645773877001174,-0.6931471805599453
690,13,0.5,0.4362597343251301,-0.6931471805599453
691,13,0.5,0.3901133755984093,-0.6931471805599453
692,13,0.5,0.4319729886703712,-0.6931471805599453
693,13,0.5,0.5128841032461086,-0.6931471805599453
694,13,0.5,0.4081363771205154,-0.6931471805599453
695,13,0.5,0.3811753971374311,-0.6931471805599453
696,13,0.5,0.42592201801399054,-0.6931471805599453
697,13,0.5,0.4648779612407672,-0.6931471805599453
698,13,0.5,0.41364187644948064,-0.6931471805599453
699,13,0.5,0.3120378740525993,-0.6931471805599453
700,13,0.5,0.5081626426330843,-0.6931471805599453
701,13,0.5,0.5572578829048875,-0.6931471805599453
702,13,0.5,0.5420276483675386,-0.6931471805599453
703,13,0.5,0.5544908379354635,-0.6931471805599453
704,14,0.5,0.2696149813418457,-0.6931471805599453
705,14,0.5,0.39323211298561356,-0.6931471805599453
706,14,0.5,0.35448000640165267,-0.6931471805599453
707,14,0.5,0.3657108604125408,-0.6931471805599453
708,14,0.5,0.2943943901666767,-0.6931471805599453
709,14,0.5,0.45304792605608285,-0.6931471805599453
710,14,0.5,0.4637186015722528,-0.6931471805599453
711,14,0.5,0.35582742754284974,-0.6931471805599453
712,14,0.5,0.4025579047265658,-0.6931471805599453
713,14,0.5,0.36166605616714564,-0.6931471805599453
714,14,0.5,0.4169542221385016,-0.6931471805599453
715,14,0.5,0.49478605532987946,-0.6931471805599453
716,14,0.5,0.33349467797435306,-0.6931471805599453
717,14,0.5,0.3566178591009623,-0.6931471805599453
718,14,0.5,0.38473207491713274,-0.6931471805599453
719,14,0.5,0.4152580390111075,-0.6931471805599453
720,14,0.5,0.38681350315438573,-0.6931471805599453
721,14,0.5,0.29290376614400987,-0.6931471805599453
722,14,0.5,0.4346599427144156,-0.6931471805599453
723,14,0.5,0.4813077129112208,-0.6931471805599453
724,14,0.5,0.45400134655750346,-0.6931471805599453
725,14,0.5,0.46739876028698313,-0.6931471805599453
726,15,0.5,0.26936403487185556,-0.6931471805599453
727,15,0.5,0.4010242087276398,-0.6931471805599453
728,15,0.5,0.3615039680696729,-0.6931471805599453
729,15,0.5,0.35926806431669256,-0.6931471805599453
730,15,0.5,0.29328910025018423,-0.6931471805599453
731,15,0.5,0.44959076031411493,-0.6931471805599453
732,15,0.5,0.4636798293360783,-0.6931471805599453
733,15,0.5,0.3372680062681021,-0.6931471805599453
734,15,0.5,0.3743724293525886,-0.6931471805599453
735,15,0.5,0.35157569679544487,-0.6931471805599453
736,15,0.5,0.40039955804570715,-0.6931471805599453
737,15,0.5,0.4855312653207853,-0.6931471805599453
738,15,0.5,0.34855865198546865,-0.6931471805599453
739,15,0.5,0.3428791126018174,-0.6931471805599453
740,15,0.5,0.3880249817664258,-0.6931471805599453
741,15,0.5,0.4044158433172667,-0.6931471805599453
742,15,0.5,0.3858902975613373,-0.6931471805599453
743,15,0.5,0.29516017297289826,-0.6931471805599453
744,15,0.5,0.4163005298294497,-0.6931471805599453
745,15,0.5,0.44222274813940105,-0.6931471805599453
746,15,0.5,0.4818878509803184,-0.6931471805599453
747,15,0.5,0.4696590261214127,-0.6931471805599453
748,16,0.5,0.26685943726444605,-0.6931471805599453
749,16,0.5,0.39375278971028105,-0.6931471805599453
750,16,0.5,0.36754229707046604,-0.6931471805599453
751,16,0.5,0.3622121673656198,-0.6931471805599453
752,16,0.5,0.29337919246338656,-0.6931471805599453
753,16,0.5,0.44161964527032693,-0.6931471805599453
754,16,0.5,0.4648097522256252,-0.6931471805599453
755,16,0.5,0.33156300539810474,-0.6931471805599453
756,16,0.5,0.38245022746134094,-0.6931471805599453
757,16,0.5,0.3500826047549943,-0.6931471805599453
758,16,0.5,0.3892182765649199,-0.6931471805599453
759,16,0.5,0.4898044190037985,-0.6931471805599453
760,16,0.5,0.33953864501405023,-0.6931471805599453
761,16,0.5,0.3401755439400797,-0.6931471805599453
762,16,0.5,0.3730423395695889,-0.6931471805599453
763,16,0.5,0.4184649036425577,-0.6931471805599453
764,16,0.5,0.37699946479232666,-0.6931471805599453
765,16,0.5,0.2976539382133795,-0.6931471805599453
766,16,0.5,0.3981165619872123,-0.6931471805599453
767,16,0.5,0.44044458561706507,-0.6931471805599453
768,16,0.5,0.4742087129946168,-0.6931471805599453
769,16,0.5,0.43168296814225365,-0.6931471805599453
770,17,0.5,0.2463151675424864,-0.6931471805599453
771,17,0.5,0.35505719305462113,-0.6931471805599453
772,17,0.5,0.29720857701425907,-0.6931471805599453
773,17,0.5,0.3580529684825545,-0.6931471805599453
774,17,0.5,0.2659746780854237,-0.6931471805599453
775,17,0.5,0.4365578998247676,-0.6931471805599453
776,17,0.5,0.4131502414344776,-0.6931471805599453
777,17,0.5,0.3565592005307921,-0.6931471805599453
778,17,0.5,0.39925717188095466,-0.6931471805599453
779,17,0.5,0.3973292228222877,-0.6931471805599453
780,17,0.5,0.4058769122914539,-0.6931471805599453
781,17,0.5,0.4866280858995279,-0.6931471805599453
782,17,0.5,0.23878534971707543,-0.6931471805599453
783,17,0.5,0.3202283722834301,-0.6931471805599453
784,17,0.5,0.33409716664973893,-0.6931471805599453
785,17,0.5,0.47276579070800234,-0.6931471805599453
786,17,0.5,0.38042442799646836,-0.6931471805599453
787,17,0.5,0.27228759915946343,-0.6931471805599453
788,17,0.5,0.4397594372587901,-0.6931471805599453
789,17,0.5,0.546054965341614,-0.6931471805599453
790,17,0.5,0.4480355605985965,-0.6931471805599453
791,17,0.5,0.43017148612122497,-0.6931471805599453
792,18,0.5,0.26367257277366457,-0.6931471805599453
793,18,0.5,0.38946307075996855,-0.6931471805599453
794,18,0.5,0.3178449313155626,-0.6931471805599453
795,18,0.5,0.36242070005183746,-0.6931471805599453
796,18,0.5,0.24968573635755387,-0.6931471805599453
797,18,0.5,0.42796755913859397,-0.6931471805599453
798,18,0.5,0.4381118285245919,-0.6931471805599453
799,18,0.5,0.33009640698405884,-0.6931471805599453
800,18,0.5,0.36543566854401766,-0.6931471805599453
801,18,0.5,0.32441617727806815,-0.6931471805599453
802,18,0.5,0.3774716042796507,-0.6931471805599453
803,18,0.5,0.46922855788277695,-0.6931471805599453
804,18,0.5,0.24497138514133884,-0.6931471805599453
805,18,0.5,0.3341870713840099,-0.6931471805599453
806,18,0.5,0.3475919887611917,-0.6931471805599453
807,18,0.5,0.37112299731548454,-0.6931471805599453
808,18,0.5,0.35929473395361156,-0.6931471805599453
809,18,0.5,0.26903436202013875,-0.6931471805599453
810,18,0.5,0.402918066009472,-0.6931471805599453
811,18,0.5,0.4177932269656292,-0.6931471805599453
812,18,0.5,0.4497731117667595,-0.6931471805599453
813,18,0.5,0.4192274905831309,-0.6931471805599453
814,19,0.5,0.252272673724169,-0.6931471805599453
815,19,0.5,0.36879995836786017,-0.6931471805599453
816,19,0.5,0.3136029954389309,-0.6931471805599453
817,19,0.5,0.32086237121080374,-0.6931471805599453
818,19,0.5,0.24542934273637962,-0.6931471805599453
819,19,0.5,0.4046871678612821,-0.6931471805599453
820,19,0.5,0.43953066153498427,-0.6931471805599453
821,19,0.5,0.32120222880545457,-0.6931471805599453
822,19,0.5,0.35235469353980664,-0.6931471805599453
823,19,0.5,0.31768457406201805,-0.6931471805599453
824,19,0.5,0.37283116779032566,-0.6931471805599453
825,19,0.5,0.46506628863704885,-0.6931471805599453
826,19,0.5,0.24681819947427702,-0.6931471805599453
827,19,0.5,0.3277772153152504,-0.6931471805599453
828,19,0.5,0.3455494133191711,-0.6931471805599453
829,19,0.5,0.35424099834972184,-0.6931471805599453
830,19,0.5,0.3566998834023864,-0.6931471805599453
831,19,0.5,0.26925338201283217,-0.6931471805599453
832,19,0.5,0.3909521808474945,-0.6931471805599453
833,19,0.5,0.41035292316119093,-0.6931471805599453
834,19,0.5,0.44429802218729536,-0.6931471805599453
835,19,0.5,0.40075143775301053,-0.6931471805599453
836,1,1.0,0.9634715749780548,0.0
837,1,1.0,2.15025156869168,0.0
838,1,1.0,1.700436897422257,0.0
839,1,1.0,1.7474200580501995,0.0
840,1,1.0,1.1407100866398114,0.0
841,1,1.0,0.760404788572044,0.0
842,1,1.0,1.510265179356684,0.0
843,1,1.0,1.30248239250611,0.0
844,1,1.0,1.5589846485197743,0.0
845,1,1.0,0.9248774777986501,0.0
846,1,1.0,1.5420693877250597,0.0
847,1,1.0,2.291141970759274,0.0
848,1,1.0,1.0505004658946295,0.0
849,1,1.0,2.3101769763910016,0.0
850,1,1.0,2.2138225302763335,0.0
851,1,1.0,2.09219184964407,0.0
852,1,1.0,1.9831471141707375,0.0
853,1,1.0,0.4730933903910533,0.0
854,1,1.0,1.1359405440666146,0.0
855,1,1.0,1.3812479924241257,0.0
856,1,1.0,1.3372255369351087,0.0
857,1,1.0,1.1059834681527965,0.0
858,2,1.0,0.8862571515191406,0.0
859,2,1.0,1.191676851317553,0.0
860,2,1.0,1.227162042053664,0.0
861,2,1.0,0.7943659373124248,0.0
862,2,1.0,0.6538655621097986,0.0
863,2,1.0,0.669328444391366,0.0
864,2,1.0,1.3937415904167336,0.0
865,2,1.0,1.1533048315928827,0.0
866,2,1.0,1.2851077773413002,0.0
867,2,1.0,0.7091356047664436,0.0
868,2,1.0,1.1307434281018676,0.0
869,2,1.0,1.699866731468785,0.0
870,2,1.0,1.016478154612042,0.0
871,2,1.0,1.1567874317799012,0.0
872,2,1.0,1.1566810283925657,0.0
873,2,1.0,1.4167545336208152,0.0
874,2,1.0,1.3850367715165295,0.0
875,2,1.0,0.4050310325676948,0.0
876,2,1.0,0.8947575997191084,0.0
877,2,1.0,1.2032029135732014,0.0
878,2,1.0,1.210250674948876,0.0
879,2,1.0,0.8600443336109439,0.0
880,3,1.0,0.4551309909961776,0.0
881,3,1.0,0.8541534437130063,0.0
882,3,1.0,0.7652362466406327,0.0
883,3,1.0,0.8168815450427193,0.0
884,3,1.0,0.6341484554321023,0.0
885,3,1.0,0.668686109351986,0.0
886,3,1.0,1.0083304493827348,0.0
887,3,1.0,0.9210789667426363,0.0
888,3,1.0,1.1433807605750028,0.0
889,3,1.0,0.7049523211935118,0.0
890,3,1.0,0.9446273766756861,0.0
891,3,1.0,1.4505713518151837,0.0
892,3,1.0,0.9469383518753666,0.0
893,3,1.0,1.164824468923424,0.0
894,3,1.0,1.1505182116854278,0.0
895,3,1.0,1.2237725185633388,0.0
896,3,1.0,1.1939428271902603,0.0
897,3,1.0,0.4034836978380764,0.0
898,3,1.0,0.8755794335487563,0.0
899,3,1.0,0.987752500956123,0.0
900,3,1.0,0.9674828911696381,0.0
901,3,1.0,0.8460048571141214,0.0
902,4,1.0,0.44895424270758205,0.0
903,4,1.0,0.6780252202658402,0.0
904,4,1.0,0.7353853580085828,0.0
905,4,1.0,0.5813134149553195,0.0
906,4,1.0,0.5701250487492967,0.0
907,4,1.0,0.6617097446729311,0.0
908,4,1.0,1.0002620943404446,0.0
909,4,1.0,0.8892065438366411,0.0
910,4,1.0,1.0045187775455082,0.0
911,4,1.0,0.6135163953235695,0.0
912,4,1.0,0.7421674409341225,0.0
913,4,1.0,0.8390959536576295,0.0
914,4,1.0,0.9453184479657739,0.0
915,4,1.0,0.9900490827001673,0.0
916,4,1.0,0.9653183878909409,0.0
917,4,1.0,1.2026349354026287,0.0
918,4,1.0,1.1659582477614632,0.0
919,4,1.0,0.40386019416267255,0.0
920,4,1.0,0.8530719405958164,0.0
921,4,1.0,0.963326164128267,0.0
922,4,1.0,0.9476443531007457,0.0
923,4,1.0,0.7923602056798024,0.0
924,5,1.0,0.4376038616814981,0.0
925,5,1.0,0.6745055319126864,0.0
926,5,1.0,0.6929002359235884,0.0
927,5,1.0,0.5656818734511218,0.0
928,5,1.0,0.5313219055902587,0.0
929,5,1.0,0.615414936951667,0.0
930,5,1.0,0.8771141514446946,0.0
931,5,1.0,0.678628125238018,0.0
932,5,1.0,0.8367019226754068,0.0
933,5,1.0,0.6092305768281006,0.0
934,5,1.0,0.624863741063718,0.0
935,5,1.0,0.8253149477650359,0.0
936,5,1.0,0.5378365563345086,0.0
937,5,1.0,0.7060458678886192,0.0
938,5,1.0,0.776198724807924,0.0
939,5,1.0,0.9986619702274484,0.0
940,5,1.0,0.8595466713855308,0.0
941,5,1.0,0.3857960712901256,0.0
942,5,1.0,0.7726094100472504,0.0
943,5,1.0,0.870432804331811,0.0
944,5,1.0,0.9015250903402815,0.0
945,5,1.0,0.6657176030321804,0.0
946,6,1.0,0.4368703090152932,0.0
947,6,1.0,0.6449184731660665,0.0
948,6,1.0,0.670289189264849,0.0
949,6,1.0,0.5608618699424686,0.0
950,6,1.0,0.535914362226417,0.0
951,6,1.0,0.6114773162451383,0.0
952,6,1.0,0.7380043415262657,0.0
953,6,1.0,0.7573539730505806,0.0
954,6,1.0,0.8948128119652005,0.0
955,6,1.0,0.5983757705880007,0.0
956,6,1.0,0.6655591317768612,0.0
957,6,1.0,0.8102002761568611,0.0
958,6,1.0,0.4873228090029292,0.0
959,6,1.0,0.6976791914703422,0.0
960,6,1.0,0.7889665843295438,0.0
961,6,1.0,0.8660091045522545,0.0
962,6,1.0,0.7121511593060673,0.0
963,6,1.0,0.3849609893602194,0.0
964,6,1.0,0.7601727725644807,0.0
965,6,1.0,0.8917911158702462,0.0
966,6,1.0,0.8556490668174401,0.0
967,6,1.0,0.6557822851243014,0.0
968,7,1.0,0.39442220252689864,0.0
969,7,1.0,0.5861582559828713,0.0
970,7,1.0,0.5981321401466667,0.0
971,7,1.0,0.5541992127890402,0.0
972,7,1.0,0.5112875721739434,0.0
973,7,1.0,0.5962045865041524,0.0
974,7,1.0,0.7016939730307084,0.0
975,7,1.0,0.6318374888170648,0.0
976,7,1.0,0.8049648776133727,0.0
977,7,1.0,0.5900247338624867,0.0
978,7,1.0,0.5736574163664644,0.0
979,7,1.0,0.8074623469133385,0.0
980,7,1.0,0.44931521778476646,0.0
981,7,1.0,0.6493198233777284,0.0
982,7,1.0,0.7061659808094454,0.0
983,7,1.0,0.9300428128613235,0.0
984,7,1.0,0.7779487300843327,0.0
985,7,1.0,0.3721570662402979,0.0
986,7,1.0,0.7272744243972571,0.0
987,7,1.0,0.7999864261021834,0.0
988,7,1.0,0.8102952586099925,0.0
989,7,1.0,0.6317391829281485,0.0
990,8,1.0,0.383650145578004,0.0
991,8,1.0,0.5879775398549318,0.0
992,8,1.0,0.6008088867985572,0.0
993,8,1.0,0.5515694229582531,0.0
994,8,1.0,0.5143406214868252,0.0
995,8,1.0,0.5892118588759961,0.0
996,8,1.0,0.7064204542139395,0.0
997,8,1.0,0.6176339743741316,0.0
998,8,1.0,0.7924177560371817,0.0
999,8,1.0,0.5870520159448318,0.0
1000,8,1.0,0.5615993985674996,0.0
1001,8,1.0,0.8065698153739037,0.0
1002,8,1.0,0.43779200915538,0.0
1003,8,1.0,0.6715764043361809,0.0
1004,8,1.0,0.71995396607671,0.0
1005,8,1.0,0.8140461405935981,0.0
1006,8,1.0,0.6340760794927324,0.0
1007,8,1.0,0.36837233199523833,0.0
1008,8,1.0,0.6894304361648209,0.0
1009,8,1.0,0.7836811725894496,0.0
1010,8,1.0,0.7196766574014671,0.0
1011,8,1.0,0.6296971104756147,0.0
1012,9,1.0,0.3582524844051283,0.0
1013,9,1.0,0.5617022483196082,0.0
1014,9,1.0,0.5645698378995757,0.0
1015,9,1.0,0.5388739247768204,0.0
1016,9,1.0,0.49290391432381664,0.0
1017,9,1.0,0.5718640811525785,0.0
1018,9,1.0,0.7027940598241139,0.0
1019,9,1.0,0.6159346923876224,0.0
1020,9,1.0,0.783187416727465,0.0
1021,9,1.0,0.58416216961698,0.0
1022,9,1.0,0.5696757515766872,0.0
1023,9,1.0,0.7920976346576343,0.0
1024,9,1.0,0.4105765218673595,0.0
1025,9,1.0,0.6755807378999161,0.0
1026,9,1.0,0.7186399150552277,0.0
1027,9,1.0,0.8112371300072693,0.0
1028,9,1.0,0.6389247197989221,0.0
1029,9,1.0,0.3453820290883395,0.0
1030,9,1.0,0.6815211151456266,0.0
1031,9,1.0,0.7931064498880308,0.0
1032,9,1.0,0.7031422347916592,0.0
1033,9,1.0,0.61373313626498,0.0
1034,10,1.0,0.35093137486723824,0.0
1035,10,1.0,0.5534191182687853,0.0
1036,10,1.0,0.549611207862727,0.0
1037,10,1.0,0.5371062991882201,0.0
1038,10,1.0,0.48534677313453795,0.0
1039,10,1.0,0.571542318188372,0.0
1040,10,1.0,0.6767668361124256,0.0
1041,10,1.0,0.5926465656873263,0.0
1042,10,1.0,0.7690591666565321,0.0
1043,10,1.0,0.5746324824644731,0.0
1044,10,1.0,0.5602772262687349,0.0
1045,10,1.0,0.7356591140126391,0.0
1046,10,1.0,0.41064167082589476,0.0
1047,10,1.0,0.5256528375934895,0.0
1048,10,1.0,0.5760909494774753,0.0
1049,10,1.0,0.7902649577107562,0.0
1050,10,1.0,0.6212606244161378,0.0
1051,10,1.0,0.34413365161757975,0.0
1052,10,1.0,0.6795275769676828,0.0
1053,10,1.0,0.7921863426559769,0.0
1054,10,1.0,0.7143730809126114,0.0
1055,10,1.0,0.6098780316724189,0.0
1056,11,1.0,0.3451546871508542,0.0
1057,11,1.0,0.5237845655728788,0.0
1058,11,1.0,0.5374085978997009,0.0
1059,11,1.0,0.4962829773024944,0.0
1060,11,1.0,0.44372462233051424,0.0
1061,11,1.0,0.5659790366030307,0.0
1062,11,1.0,0.6646752749698415,0.0
1063,11,1.0,0.5252517877956725,0.0
1064,11,1.0,0.7417930838608152,0.0
1065,11,1.0,0.5746862450520607,0.0
1066,11,1.0,0.5221579640157117,0.0
1067,11,1.0,0.7109312691280189,0.0
1068,11,1.0,0.4495474039446374,0.0
1069,11,1.0,0.617316780007317,0.0
1070,11,1.0,0.6552746814251179,0.0
1071,11,1.0,0.7487246613475831,0.0
1072,11,1.0,0.6132366952346539,0.0
1073,11,1.0,0.35251345341163254,0.0
1074,11,1.0,0.6197843331163807,0.0
1075,11,1.0,0.7161079463368699,0.0
1076,11,1.0,0.6630699665017747,0.0
1077,11,1.0,0.6064756864983176,0.0
1078,12,1.0,0.32574120876750173,0.0
1079,12,1.0,0.5200456784328715,0.0
1080,12,1.0,0.5256343037008193,0.0
1081,12,1.0,0.4941701761994314,0.0
1082,12,1.0,0.4338024705269496,0.0
1083,12,1.0,0.5655558881844454,0.0
1084,12,1.0,0.6665040324303266,0.0
1085,12,1.0,0.532657208026494,0.0
1086,12,1.0,0.7370794694224144,0.0
1087,12,1.0,0.5689156023322084,0.0
1088,12,1.0,0.5319525366676734,0.0
1089,12,1.0,0.6917522126885304,0.0
1090,12,1.0,0.4284948706908951,0.0
1091,12,1.0,0.5101110335379113,0.0
1092,12,1.0,0.5495494639878855,0.0
1093,12,1.0,0.7545534184999064,0.0
1094,12,1.0,0.6085760030019186,0.0
1095,12,1.0,0.34828754986424354,0.0
1096,12,1.0,0.6276599816332414,0.0
1097,12,1.0,0.7208473413038667,0.0
1098,12,1.0,0.6845799005646287,0.0
1099,12,1.0,0.6037005799381595,0.0
1100,13,1.0,0.31684599331967706,0.0
1101,13,1.0,0.5208108435936352,0.0
1102,13,1.0,0.46743907556596154,0.0
1103,13,1.0,0.4973893720442024,0.0
1104,13,1.0,0.3810235868917493,0.0
1105,13,1.0,0.5233593763996465,0.0
1106,13,1.0,0.6447305907999659,0.0
1107,13,1.0,0.5207711669735038,0.0
1108,13,1.0,0.6758191704678046,0.0
1109,13,1.0,0.5268400233512023,0.0
1110,13,1.0,0.5263792103366599,0.0
1111,13,1.0,0.6836621766450333,0.0
1112,13,1.0,0.3798841131871565,0.0
1113,13,1.0,0.5001439034020564,0.0
1114,13,1.0,0.5334643171078268,0.0
1115,13,1.0,0.7063679251281498,0.0
1116,13,1.0,0.6038570275985764,0.0
1117,13,1.0,0.31112473062133883,0.0
1118,13,1.0,0.6178004166310406,0.0
1119,13,1.0,0.7073781917799239,0.0
1120,13,1.0,0.6771157478794495,0.0
1121,13,1.0,0.5937490003475806,0.0
1122,14,1.0,0.3175396160415406,0.0
1123,14,1.0,0.5328454518222279,0.0
1124,14,1.0,0.4840881367072985,0.0
1125,14,1.0,0.49831339330328017,0.0
1126,14,1.0,0.3852555522961672,0.0
1127,14,1.0,0.5235471425460532,0.0
1128,14,1.0,0.6350240278381423,0.0
1129,14,1.0,0.5066986686669687,0.0
1130,14,1.0,0.6657538238100156,0.0
1131,14,1.0,0.5144822948681257,0.0
1132,14,1.0,0.5070630106696936,0.0
1133,14,1.0,0.6801566742883123,0.0
1134,14,1.0,0.30559851892938733,0.0
1135,14,1.0,0.47763833925195637,0.0
1136,14,1.0,0.5143296143215523,0.0
1137,14,1.0,0.6990177507846155,0.0
1138,14,1.0,0.5896669489866586,0.0
1139,14,1.0,0.3094261228734755,0.0
1140,14,1.0,0.5983302269865282,0.0
1141,14,1.0,0.7016201554349262,0.0
1142,14,1.0,0.6716420459264351,0.0
1143,14,1.0,0.52942922774922,0.0
1144,15,1.0,0.3168724765344669,0.0
1145,15,1.0,0.529022381003889,0.0
1146,15,1.0,0.4782236491418326,0.0
1147,15,1.0,0.49206147977212494,0.0
1148,15,1.0,0.3808860713852496,0.0
1149,15,1.0,0.5200240684285126,0.0
1150,15,1.0,0.6244636465025504,0.0
1151,15,1.0,0.5033717943103146,0.0
1152,15,1.0,0.6241759158151491,0.0
1153,15,1.0,0.48859147019262933,0.0
1154,15,1.0,0.499502312952637,0.0
1155,15,1.0,0.6798428182877918,0.0
1156,15,1.0,0.30229839066876035,0.0
1157,15,1.0,0.4728457257430725,0.0
1158,15,1.0,0.5089421677706051,0.0
1159,15,1.0,0.6908005466349949,0.0
1160,15,1.0,0.5830805113181201,0.0
1161,15,1.0,0.3039116007873613,0.0
1162,15,1.0,0.594414236319442,0.0
1163,15,1.0,0.7001938823981317,0.0
1164,15,1.0,0.6686485981921607,0.0
1165,15,1.0,0.5219840337969945,0.0
1166,16,1.0,0.3177197600841923,0.0
1167,16,1.0,0.5306307041635528,0.0
1168,16,1.0,0.48776432831313216,0.0
1169,16,1.0,0.4860669662853394,0.0
1170,16,1.0,0.38844050752198833,0.0
1171,16,1.0,0.5198965856990918,0.0
1172,16,1.0,0.598456509292914,0.0
1173,16,1.0,0.506998325814243,0.0
1174,16,1.0,0.6238884872034562,0.0
1175,16,1.0,0.4715434539960791,0.0
1176,16,1.0,0.5004119991339693,0.0
1177,16,1.0,0.6811871956304129,0.0
1178,16,1.0,0.28023163128229167,0.0
1179,16,1.0,0.4730858126279293,0.0
1180,16,1.0,0.510963493565232,0.0
1181,16,1.0,0.6822314308142206,0.0
1182,16,1.0,0.5859908239388874,0.0
1183,16,1.0,0.3034236773647097,0.0
1184,16,1.0,0.5838885360556849,0.0
1185,16,1.0,0.6833655248049056,0.0
1186,16,1.0,0.6451582617593982,0.0
1187,16,1.0,0.5175455118415008,0.0
1188,17,1.0,0.3122200289521066,0.0
1189,17,1.0,0.5271771797136301,0.0
1190,17,1.0,0.48712024328987413,0.0
1191,17,1.0,0.4805465083798207,0.0
1192,17,1.0,0.3881534330748536,0.0
1193,17,1.0,0.5168226223256464,0.0
1194,17,1.0,0.5973663973824183,0.0
1195,17,1.0,0.5017787112039067,0.0
1196,17,1.0,0.6171130127506043,0.0
1197,17,1.0,0.45748680592487223,0.0
1198,17,1.0,0.4889998770199944,0.0
1199,17,1.0,0.6846136327953751,0.0
1200,17,1.0,0.30327512738084267,0.0
1201,17,1.0,0.4656195609229973,0.0
1202,17,1.0,0.5062997059452322,0.0
1203,17,1.0,0.660826827599224,0.0
1204,17,1.0,0.561588500905899,0.0
1205,17,1.0,0.30714217862468685,0.0
1206,17,1.0,0.5794273236919802,0.0
1207,17,1.0,0.6777173103237022,0.0
1208,17,1.0,0.6312998029010485,0.0
1209,17,1.0,0.521295934083564,0.0
1210,18,1.0,0.30424050008309755,0.0
1211,18,1.0,0.48189280238248355,0.0
1212,18,1.0,0.4845713547960816,0.0
1213,18,1.0,0.4442865818995559,0.0
1214,18,1.0,0.38871536700084675,0.0
1215,18,1.0,0.48488912788012395,0.0
1216,18,1.0,0.6366409900669125,0.0
1217,18,1.0,0.49452027316480307,0.0
1218,18,1.0,0.6145090527213131,0.0
1219,18,1.0,0.4759629596825466,0.0
1220,18,1.0,0.4756180136550307,0.0
1221,18,1.0,0.6531271131374156,0.0
1222,18,1.0,0.2787464594327604,0.0
1223,18,1.0,0.47487143771209844,0.0
1224,18,1.0,0.5110327764574379,0.0
1225,18,1.0,0.6688138335347157,0.0
1226,18,1.0,0.559458745774862,0.0
1227,18,1.0,0.2924311935460254,0.0
1228,18,1.0,0.6013610279801531,0.0
1229,18,1.0,0.6647175419012373,0.0
1230,18,1.0,0.6289997851237475,0.0
1231,18,1.0,0.4946626113609393,0.0
1232,19,1.0,0.3101933363104145,0.0
1233,19,1.0,0.4822882272095938,0.0
1234,19,1.0,0.48679901077514764,0.0
1235,19,1.0,0.42572862874846334,0.0
1236,19,1.0,0.39145902444673436,0.0
1237,19,1.0,0.38207772700722037,0.0
1238,19,1.0,0.5915773204914809,0.0
1239,19,1.0,0.4988016237082828,0.0
1240,19,1.0,0.6048855494484614,0.0
1241,19,1.0,0.4627474950937165,0.0
1242,19,1.0,0.49138213565596855,0.0
1243,19,1.0,0.679714056802349,0.0
1244,19,1.0,0.33622910482734464,0.0
1245,19,1.0,0.44252474690207594,0.0
1246,19,1.0,0.5043870785389369,0.0
1247,19,1.0,0.6506241795274734,0.0
1248,19,1.0,0.5472522461704152,0.0
1249,19,1.0,0.24417985729065808,0.0
1250,19,1.0,0.5980294777319068,0.0
1251,19,1.0,0.6673922183115121,0.0
1252,19,1.0,0.6231128349424162,0.0
1253,19,1.0,0.537536889291245,0.0
1254,1,2.0,0.9824534676541881,0.6931471805599453
1255,1,2.0,2.3381323363527704,0.6931471805599453
1256,1,2.0,2.0997134921783305,0.6931471805599453
1257,1,2.0,1.9227677290771035,0.6931471805599453
1258,1,2.0,1.5692116192676808,0.6931471805599453
1259,1,2.0,0.8046676573503333,0.6931471805599453
1260,1,2.0,1.5232208603624688,0.6931471805599453
1261,1,2.0,1.324199183899512,0.6931471805599453
1262,1,2.0,1.6493558427298707,0.6931471805599453
1263,1,2.0,1.025057215063048,0.6931471805599453
1264,1,2.0,1.6145477204979097,0.6931471805599453
1265,1,2.0,2.4542352883285528,0.6931471805599453
1266,1,2.0,1.0519423233388805,0.6931471805599453
1267,1,2.0,2.4385057550325246,0.6931471805599453
1268,1,2.0,2.340375043650244,0.6931471805599453
1269,1,2.0,2.1888071322474456,0.6931471805599453
1270,1,2.0,2.194924592100147,0.6931471805599453
1271,1,2.0,0.4615612000993507,0.6931471805599453
1272,1,2.0,1.1781090079351915,0.6931471805599453
1273,1,2.0,1.5731780850258554,0.6931471805599453
1274,1,2.0,1.4955933363200122,0.6931471805599453
1275,1,2.0,1.154010411884872,0.6931471805599453
1276,2,2.0,0.9608542737887629,0.6931471805599453
1277,2,2.0,1.5638241649452962,0.6931471805599453
1278,2,2.0,1.6236677719076502,0.6931471805599453
1279,2,2.0,0.9922890377454543,0.6931471805599453
1280,2,2.0,0.9587539275461944,0.6931471805599453
1281,2,2.0,0.7293176061852046,0.6931471805599453
1282,2,2.0,1.4851339987286203,0.6931471805599453
1283,2,2.0,1.2647609246813634,0.6931471805599453
1284,2,2.0,1.4679309859807357,0.6931471805599453
1285,2,2.0,0.8073926882885903,0.6931471805599453
1286,2,2.0,1.3689472870763528,0.6931471805599453
1287,2,2.0,2.0496825091673325,0.6931471805599453
1288,2,2.0,1.040223290494065,0.6931471805599453
1289,2,2.0,1.563969743345826,0.6931471805599453
1290,2,2.0,1.4938911350319777,0.6931471805599453
1291,2,2.0,1.726359014852527,0.6931471805599453
1292,2,2.0,1.687578171476684,0.6931471805599453
1293,2,2.0,0.4336376440236672,0.6931471805599453
1294,2,2.0,1.0076767959955333,0.6931471805599453
1295,2,2.0,1.423107194362481,0.6931471805599453
1296,2,2.0,1.3980597587497285,0.6931471805599453
1297,2,2.0,0.9614429494498091,0.6931471805599453
1298,3,2.0,0.9556828665914618,0.6931471805599453
1299,3,2.0,1.5167111594083487,0.6931471805599453
1300,3,2.0,1.601170800684539,0.6931471805599453
1301,3,2.0,0.8979010222526652,0.6931471805599453
1302,3,2.0,0.9154765100336122,0.6931471805599453
1303,3,2.0,0.7152276848403478,0.6931471805599453
1304,3,2.0,1.478473036554373,0.6931471805599453
1305,3,2.0,1.2470455697402552,0.6931471805599453
1306,3,2.0,1.3655860401946807,0.6931471805599453
1307,3,2.0,0.6968987788167832,0.6931471805599453
1308,3,2.0,1.2255918475246255,0.6931471805599453
1309,3,2.0,1.6186534848299323,0.6931471805599453
1310,3,2.0,1.038643920235451,0.6931471805599453
1311,3,2.0,1.3904438880454757,0.6931471805599453
1312,3,2.0,1.31788465282546,0.6931471805599453
1313,3,2.0,1.6884852303032902,0.6931471805599453
1314,3,2.0,1.649102237413484,0.6931471805599453
1315,3,2.0,0.4277292823814187,0.6931471805599453
1316,3,2.0,0.9845351641449784,0.6931471805599453
1317,3,2.0,1.3829101063467462,0.6931471805599453
1318,3,2.0,1.3656328052088373,0.6931471805599453
1319,3,2.0,0.9269426215011335,0.6931471805599453
1320,4,2.0,0.5654953977410413,0.6931471805599453
1321,4,2.0,1.001748525632509,0.6931471805599453
1322,4,2.0,1.0256156905340603,0.6931471805599453
1323,4,2.0,0.8113156454940149,0.6931471805599453
1324,4,2.0,0.7742714035214667,0.6931471805599453
1325,4,2.0,0.7111620466222776,0.6931471805599453
1326,4,2.0,1.094711495511999,0.6931471805599453
1327,4,2.0,0.9893159438514417,0.6931471805599453
1328,4,2.0,1.136277826250653,0.6931471805599453
1329,4,2.0,0.6889956360241699,0.6931471805599453
1330,4,2.0,0.9507594273878317,0.6931471805599453
1331,4,2.0,1.1416988270629869,0.6931471805599453
1332,4,2.0,0.9665952727488358,0.6931471805599453
1333,4,2.0,1.3247394499861447,0.6931471805599453
1334,4,2.0,1.2814239523036768,0.6931471805599453
1335,4,2.0,1.4227652694775914,0.6931471805599453
1336,4,2.0,1.3655633779309624,0.6931471805599453
1337,4,2.0,0.4268093876449583,0.6931471805599453
1338,4,2.0,0.943477325012063,0.6931471805599453
1339,4,2.0,1.1098995364743518,0.6931471805599453
1340,4,2.0,1.105215426527537,0.6931471805599453
1341,4,2.0,0.876017809003952,0.6931471805599453
1342,5,2.0,0.532034795777315,0.6931471805599453
1343,5,2.0,0.9492341498337369,0.6931471805599453
1344,5,2.0,0.9657429442515388,0.6931471805599453
1345,5,2.0,0.8044685806658805,0.6931471805599453
1346,5,2.0,0.7600381455124054,0.6931471805599453
1347,5,2.0,0.7097727243093763,0.6931471805599453
1348,5,2.0,1.0000831930461611,0.6931471805599453
1349,5,2.0,0.9843964762489824,0.6931471805599453
1350,5,2.0,1.1313699998943463,0.6931471805599453
1351,5,2.0,0.6842607165391762,0.6931471805599453
1352,5,2.0,0.9288875099966768,0.6931471805599453
1353,5,2.0,1.1205725696179019,0.6931471805599453
1354,5,2.0,0.9721550184084494,0.6931471805599453
1355,5,2.0,1.3219083920638888,0.6931471805599453
1356,5,2.0,1.2776281717839453,0.6931471805599453
1357,5,2.0,1.4166998994977889,0.6931471805599453
1358,5,2.0,1.3575011422139092,0.6931471805599453
1359,5,2.0,0.42581329199906504,0.6931471805599453
1360,5,2.0,0.9328726657997062,0.6931471805599453
1361,5,2.0,1.066076653559458,0.6931471805599453
1362,5,2.0,1.0702115583673872,0.6931471805599453
1363,5,2.0,0.8740116711674882,0.6931471805599453
1364,6,2.0,0.5179407266514328,0.6931471805599453
1365,6,2.0,0.9106552371508085,0.6931471805599453
1366,6,2.0,0.91312960453164,0.6931471805599453
1367,6,2.0,0.773835310507392,0.6931471805599453
1368,6,2.0,0.7332113909220722,0.6931471805599453
1369,6,2.0,0.699837188204318,0.6931471805599453
1370,6,2.0,0.9443020337579657,0.6931471805599453
1371,6,2.0,0.8671362125505444,0.6931471805599453
1372,6,2.0,1.0137086466438585,0.6931471805599453
1373,6,2.0,0.6804339003672965,0.6931471805599453
1374,6,2.0,0.8423780804319984,0.6931471805599453
1375,6,2.0,1.087236998222741,0.6931471805599453
1376,6,2.0,0.540205108598426,0.6931471805599453
1377,6,2.0,1.1055189545347355,0.6931471805599453
1378,6,2.0,1.1851348941782087,0.6931471805599453
1379,6,2.0,1.2586009572973478,0.6931471805599453
1380,6,2.0,1.1715881914500907,0.6931471805599453
1381,6,2.0,0.4237390116394798,0.6931471805599453
1382,6,2.0,0.8991434848601608,0.6931471805599453
1383,6,2.0,1.01641332054918,0.6931471805599453
1384,6,2.0,1.0508493575729678,0.6931471805599453
1385,6,2.0,0.7534759138740873,0.6931471805599453
1386,7,2.0,0.5175071580172952,0.6931471805599453
1387,7,2.0,0.8724658336166315,0.6931471805599453
1388,7,2.0,0.8767044964638865,0.6931471805599453
1389,7,2.0,0.7210772577391649,0.6931471805599453
1390,7,2.0,0.676675092849446,0.6931471805599453
1391,7,2.0,0.6987952366830253,0.6931471805599453
1392,7,2.0,0.943037549807436,0.6931471805599453
1393,7,2.0,0.8617842395260138,0.6931471805599453
1394,7,2.0,1.013204774155085,0.6931471805599453
1395,7,2.0,0.6782295651427732,0.6931471805599453
1396,7,2.0,0.8348532852496289,0.6931471805599453
1397,7,2.0,1.086425813924119,0.6931471805599453
1398,7,2.0,0.5408500929491271,0.6931471805599453
1399,7,2.0,1.0987789949942894,0.6931471805599453
1400,7,2.0,1.1789562024534144,0.6931471805599453
1401,7,2.0,1.2138150229570015,0.6931471805599453
1402,7,2.0,1.138212970752137,0.6931471805599453
1403,7,2.0,0.42399725792080006,0.6931471805599453
1404,7,2.0,0.8663464701376096,0.6931471805599453
1405,7,2.0,0.9555644224946028,0.6931471805599453
1406,7,2.0,1.0332724778938354,0.6931471805599453
1407,7,2.0,0.7536898393319159,0.6931471805599453
1408,8,2.0,0.5127914549710226,0.6931471805599453
1409,8,2.0,0.8661784454787846,0.6931471805599453
1410,8,2.0,0.8615945583652636,0.6931471805599453
1411,8,2.0,0.716497455597658,0.6931471805599453
1412,8,2.0,0.6615392862656032,0.6931471805599453
1413,8,2.0,0.6835996962897166,0.6931471805599453
1414,8,2.0,0.9385352312992179,0.6931471805599453
1415,8,2.0,0.8523744954540324,0.6931471805599453
1416,8,2.0,1.0069904027997558,0.6931471805599453
1417,8,2.0,0.6735151558983831,0.6931471805599453
1418,8,2.0,0.8172337653295142,0.6931471805599453
1419,8,2.0,1.0365576780174768,0.6931471805599453
1420,8,2.0,0.5398592388218835,0.6931471805599453
1421,8,2.0,1.0424429936211332,0.6931471805599453
1422,8,2.0,1.1259669019669576,0.6931471805599453
1423,8,2.0,1.1963430585787354,0.6931471805599453
1424,8,2.0,1.130141110321083,0.6931471805599453
1425,8,2.0,0.41210977394386494,0.6931471805599453
1426,8,2.0,0.8532207636000135,0.6931471805599453
1427,8,2.0,0.9404286882484149,0.6931471805599453
1428,8,2.0,1.0194653010902965,0.6931471805599453
1429,8,2.0,0.7421043889961253,0.6931471805599453
1430,9,2.0,0.4963508289222388,0.6931471805599453
1431,9,2.0,0.8301881644652138,0.6931471805599453
1432,9,2.0,0.8334319042668269,0.6931471805599453
1433,9,2.0,0.7099862987561157,0.6931471805599453
1434,9,2.0,0.652215981542826,0.6931471805599453
1435,9,2.0,0.6752052640813638,0.6931471805599453
1436,9,2.0,0.9145567034952647,0.6931471805599453
1437,9,2.0,0.7574659629084243,0.6931471805599453
1438,9,2.0,0.924494717817675,0.6931471805599453
1439,9,2.0,0.658167549073001,0.6931471805599453
1440,9,2.0,0.7319647234405732,0.6931471805599453
1441,9,2.0,0.9813300443805156,0.6931471805599453
1442,9,2.0,0.46318458875267055,0.6931471805599453
1443,9,2.0,0.9747380444593524,0.6931471805599453
1444,9,2.0,1.0387467989679813,0.6931471805599453
1445,9,2.0,1.1554433339029864,0.6931471805599453
1446,9,2.0,1.0626067213872608,0.6931471805599453
1447,9,2.0,0.4089307482839168,0.6931471805599453
1448,9,2.0,0.8134746745382461,0.6931471805599453
1449,9,2.0,0.9100513929067164,0.6931471805599453
1450,9,2.0,0.9971092842266318,0.6931471805599453
1451,9,2.0,0.6915777157725687,0.6931471805599453
1452,10,2.0,0.49460733414981584,0.6931471805599453
1453,10,2.0,0.8295677977409255,0.6931471805599453
1454,10,2.0,0.8331335560159939,0.6931471805599453
1455,10,2.0,0.7096922119016534,0.6931471805599453
1456,10,2.0,0.6506963162609172,0.6931471805599453
1457,10,2.0,0.6770152249862404,0.6931471805599453
1458,10,2.0,0.9134995174658942,0.6931471805599453
1459,10,2.0,0.7573656331731885,0.6931471805599453
1460,10,2.0,0.9017555121906347,0.6931471805599453
1461,10,2.0,0.6380992243821789,0.6931471805599453
1462,10,2.0,0.7251422490318395,0.6931471805599453
1463,10,2.0,0.9770481750275992,0.6931471805599453
1464,10,2.0,0.4615252470247873,0.6931471805599453
1465,10,2.0,0.9587460628977496,0.6931471805599453
1466,10,2.0,1.023291481170686,0.6931471805599453
1467,10,2.0,1.1523683819517951,0.6931471805599453
1468,10,2.0,1.0632580168440293,0.6931471805599453
1469,10,2.0,0.4044561363509729,0.6931471805599453
1470,10,2.0,0.8092161011226746,0.6931471805599453
1471,10,2.0,0.913639956451212,0.6931471805599453
1472,10,2.0,0.9966640445126246,0.6931471805599453
1473,10,2.0,0.6896435279671368,0.6931471805599453
1474,11,2.0,0.49324192884853635,0.6931471805599453
1475,11,2.0,0.8284124877867234,0.6931471805599453
1476,11,2.0,0.794536766150823,0.6931471805599453
1477,11,2.0,0.7096790400689269,0.6931471805599453
1478,11,2.0,0.6079388310562288,0.6931471805599453
1479,11,2.0,0.6336428286305945,0.6931471805599453
1480,11,2.0,0.8999392130931562,0.6931471805599453
1481,11,2.0,0.7534589634189983,0.6931471805599453
1482,11,2.0,0.8700625968239534,0.6931471805599453
1483,11,2.0,0.6061879081596191,0.6931471805599453
1484,11,2.0,0.7247758557257279,0.6931471805599453
1485,11,2.0,0.9788926788149023,0.6931471805599453
1486,11,2.0,0.40462614719504936,0.6931471805599453
1487,11,2.0,0.9585763581192075,0.6931471805599453
1488,11,2.0,1.020014434648278,0.6931471805599453
1489,11,2.0,1.1226029481572664,0.6931471805599453
1490,11,2.0,1.0570942248109314,0.6931471805599453
1491,11,2.0,0.36077964443048216,0.6931471805599453
1492,11,2.0,0.806605414426861,0.6931471805599453
1493,11,2.0,0.8898744348981109,0.6931471805599453
1494,11,2.0,0.9926143281483993,0.6931471805599453
1495,11,2.0,0.6822009681603899,0.6931471805599453
1496,12,2.0,0.4610028253022121,0.6931471805599453
1497,12,2.0,0.8102723204525667,0.6931471805599453
1498,12,2.0,0.7775130683980768,0.6931471805599453
1499,12,2.0,0.6952941345758167,0.6931471805599453
1500,12,2.0,0.6001305021841701,0.6931471805599453
1501,12,2.0,0.6270997608301,0.6931471805599453
1502,12,2.0,0.8542569276026737,0.6931471805599453
1503,12,2.0,0.749470051536832,0.6931471805599453
1504,12,2.0,0.8664716923085999,0.6931471805599453
1505,12,2.0,0.5993641282410882,0.6931471805599453
1506,12,2.0,0.7135045349944041,0.6931471805599453
1507,12,2.0,0.9598789376798855,0.6931471805599453
1508,12,2.0,0.39949948728070234,0.6931471805599453
1509,12,2.0,0.9384406606180028,0.6931471805599453
1510,12,2.0,1.003937981640779,0.6931471805599453
1511,12,2.0,0.9704552102645294,0.6931471805599453
1512,12,2.0,0.8914402417512948,0.6931471805599453
1513,12,2.0,0.3554932771774051,0.6931471805599453
1514,12,2.0,0.7699804108088857,0.6931471805599453
1515,12,2.0,0.8698606364413755,0.6931471805599453
1516,12,2.0,0.8861103215923078,0.6931471805599453
1517,12,2.0,0.676197629165189,0.6931471805599453
1518,13,2.0,0.4718374155161214,0.6931471805599453
1519,13,2.0,0.8022843879247584,0.6931471805599453
1520,13,2.0,0.7823870883867522,0.6931471805599453
1521,13,2.0,0.6667878193443555,0.6931471805599453
1522,13,2.0,0.5872755638208724,0.6931471805599453
1523,13,2.0,0.6236525542324991,0.6931471805599453
1524,13,2.0,0.8218711964218113,0.6931471805599453
1525,13,2.0,0.7356035942460869,0.6931471805599453
1526,13,2.0,0.8736310659581468,0.6931471805599453
1527,13,2.0,0.607311871676105,0.6931471805599453
1528,13,2.0,0.6914406108546829,0.6931471805599453
1529,13,2.0,0.9524681705563496,0.6931471805599453
1530,13,2.0,0.41091708150441764,0.6931471805599453
1531,13,2.0,0.8372443842340482,0.6931471805599453
1532,13,2.0,0.900089117390231,0.6931471805599453
1533,13,2.0,0.9905053474409264,0.6931471805599453
1534,13,2.0,0.9142313431639674,0.6931471805599453
1535,13,2.0,0.35695923174411703,0.6931471805599453
1536,13,2.0,0.7465933934847466,0.6931471805599453
1537,13,2.0,0.8680195520167805,0.6931471805599453
1538,13,2.0,0.9132944965751064,0.6931471805599453
1539,13,2.0,0.6643594565552909,0.6931471805599453
1540,14,2.0,0.4713228526340029,0.6931471805599453
1541,14,2.0,0.800503649351283,0.6931471805599453
1542,14,2.0,0.7815430977693881,0.6931471805599453
1543,14,2.0,0.6644503750646367,0.6931471805599453
1544,14,2.0,0.5860419381370688,0.6931471805599453
1545,14,2.0,0.6245328654665127,0.6931471805599453
1546,14,2.0,0.8215367254350505,0.6931471805599453
1547,14,2.0,0.7355588848898096,0.6931471805599453
1548,14,2.0,0.854152609536145,0.6931471805599453
1549,14,2.0,0.592230034132055,0.6931471805599453
1550,14,2.0,0.6820469026267423,0.6931471805599453
1551,14,2.0,0.9510595849276471,0.6931471805599453
1552,14,2.0,0.4099469675134173,0.6931471805599453
1553,14,2.0,0.8332720381961836,0.6931471805599453
1554,14,2.0,0.8965064325665751,0.6931471805599453
1555,14,2.0,0.9871979501019565,0.6931471805599453
1556,14,2.0,0.9140445605825847,0.6931471805599453
1557,14,2.0,0.35109540860844257,0.6931471805599453
1558,14,2.0,0.7466358400537595,0.6931471805599453
1559,14,2.0,0.8661105052495596,0.6931471805599453
1560,14,2.0,0.9117898873550528,0.6931471805599453
1561,14,2.0,0.6620064782896641,0.6931471805599453
1562,15,2.0,0.47132010860229334,0.6931471805599453
1563,15,2.0,0.7990791298034005,0.6931471805599453
1564,15,2.0,0.7747199683941218,0.6931471805599453
1565,15,2.0,0.6622610985366129,0.6931471805599453
1566,15,2.0,0.5777166395792378,0.6931471805599453
1567,15,2.0,0.6144343865798736,0.6931471805599453
1568,15,2.0,0.8211618631621193,0.6931471805599453
1569,15,2.0,0.733648536316101,0.6931471805599453
1570,15,2.0,0.8412437200961922,0.6931471805599453
1571,15,2.0,0.5878432683459629,0.6931471805599453
1572,15,2.0,0.6820241786318518,0.6931471805599453
1573,15,2.0,0.9487875028039573,0.6931471805599453
1574,15,2.0,0.408759253282713,0.6931471805599453
1575,15,2.0,0.8274192940478319,0.6931471805599453
1576,15,2.0,0.8916851245008927,0.6931471805599453
1577,15,2.0,0.9867703263007795,0.6931471805599453
1578,15,2.0,0.9131728975627131,0.6931471805599453
1579,15,2.0,0.3389162059717244,0.6931471805599453
1580,15,2.0,0.7463212646416972,0.6931471805599453
1581,15,2.0,0.858535919798063,0.6931471805599453
1582,15,2.0,0.9062481299699975,0.6931471805599453
1583,15,2.0,0.6577320795510008,0.6931471805599453
1584,16,2.0,0.470728603264108,0.6931471805599453
1585,16,2.0,0.7951935015053339,0.6931471805599453
1586,16,2.0,0.7563316411799085,0.6931471805599453
1587,16,2.0,0.6581450355341597,0.6931471805599453
1588,16,2.0,0.5573132392047397,0.6931471805599453
1589,16,2.0,0.5015597376186791,0.6931471805599453
1590,16,2.0,0.8181124876641063,0.6931471805599453
1591,16,2.0,0.7251095006779287,0.6931471805599453
1592,16,2.0,0.8216474392515134,0.6931471805599453
1593,16,2.0,0.5750500232830602,0.6931471805599453
1594,16,2.0,0.6795968805591086,0.6931471805599453
1595,16,2.0,0.9324341903845907,0.6931471805599453
1596,16,2.0,0.3582036788516627,0.6931471805599453
1597,16,2.0,0.814092614537637,0.6931471805599453
1598,16,2.0,0.8741674089081876,0.6931471805599453
1599,16,2.0,0.9811250785961589,0.6931471805599453
1600,16,2.0,0.9182018437605132,0.6931471805599453
1601,16,2.0,0.29250642026903223,0.6931471805599453
1602,16,2.0,0.7427532230566918,0.6931471805599453
1603,16,2.0,0.8518575356205061,0.6931471805599453
1604,16,2.0,0.8953505813403136,0.6931471805599453
1605,16,2.0,0.6480789802898702,0.6931471805599453
1606,17,2.0,0.45348418935851587,0.6931471805599453
1607,17,2.0,0.7747112646705737,0.6931471805599453
1608,17,2.0,0.7562423393077534,0.6931471805599453
1609,17,2.0,0.6409527097330736,0.6931471805599453
1610,17,2.0,0.5718712850589438,0.6931471805599453
1611,17,2.0,0.5272081019699116,0.6931471805599453
1612,17,2.0,0.81208969456996,0.6931471805599453
1613,17,2.0,0.6775952500680232,0.6931471805599453
1614,17,2.0,0.7848757957752693,0.6931471805599453
1615,17,2.0,0.5804964253121271,0.6931471805599453
1616,17,2.0,0.6756812234942614,0.6931471805599453
1617,17,2.0,0.943608133417745,0.6931471805599453
1618,17,2.0,0.40529598185865723,0.6931471805599453
1619,17,2.0,0.7752379344935071,0.6931471805599453
1620,17,2.0,0.8510880544101967,0.6931471805599453
1621,17,2.0,0.9780046289657349,0.6931471805599453
1622,17,2.0,0.8951519579751663,0.6931471805599453
1623,17,2.0,0.2874907707715478,0.6931471805599453
1624,17,2.0,0.7430816294681335,0.6931471805599453
1625,17,2.0,0.8535983810308106,0.6931471805599453
1626,17,2.0,0.8948473371310027,0.6931471805599453
1627,17,2.0,0.6515696461592946,0.6931471805599453
1628,18,2.0,0.44262004223741525,0.6931471805599453
1629,18,2.0,0.7903882017489288,0.6931471805599453
1630,18,2.0,0.7347724277799047,0.6931471805599453
1631,18,2.0,0.6753484039748066,0.6931471805599453
1632,18,2.0,0.5604380526606663,0.6931471805599453
1633,18,2.0,0.49858852564597667,0.6931471805599453
1634,18,2.0,0.7821585255430534,0.6931471805599453
1635,18,2.0,0.6776843781345931,0.6931471805599453
1636,18,2.0,0.775752521824951,0.6931471805599453
1637,18,2.0,0.5358868889166386,0.6931471805599453
1638,18,2.0,0.6572932775099585,0.6931471805599453
1639,18,2.0,0.9129912780082893,0.6931471805599453
1640,18,2.0,0.3577482538063493,0.6931471805599453
1641,18,2.0,0.8214879644094486,0.6931471805599453
1642,18,2.0,0.8958535110710041,0.6931471805599453
1643,18,2.0,0.9033609550892632,0.6931471805599453
1644,18,2.0,0.8337873497820911,0.6931471805599453
1645,18,2.0,0.29336711567967017,0.6931471805599453
1646,18,2.0,0.7360691692299663,0.6931471805599453
1647,18,2.0,0.8271338701154204,0.6931471805599453
1648,18,2.0,0.8191220306405882,0.6931471805599453
1649,18,2.0,0.6533796349418264,0.6931471805599453
1650,19,2.0,0.449693617480672,0.6931471805599453
1651,19,2.0,0.7364375790138497,0.6931471805599453
1652,19,2.0,0.7510673009710774,0.6931471805599453
1653,19,2.0,0.5995139263420995,0.6931471805599453
1654,19,2.0,0.5700745106614955,0.6931471805599453
1655,19,2.0,0.4942120643386329,0.6931471805599453
1656,19,2.0,0.8078459552329023,0.6931471805599453
1657,19,2.0,0.676467634761864,0.6931471805599453
1658,19,2.0,0.7839588879460945,0.6931471805599453
1659,19,2.0,0.5789901149520252,0.6931471805599453
1660,19,2.0,0.6650596901775122,0.6931471805599453
1661,19,2.0,0.9290969082970414,0.6931471805599453
1662,19,2.0,0.4054282648439519,0.6931471805599453
1663,19,2.0,0.7678433166059542,0.6931471805599453
1664,19,2.0,0.8448008748380701,0.6931471805599453
1665,19,2.0,0.9702097947980108,0.6931471805599453
1666,19,2.0,0.8778724981719832,0.6931471805599453
1667,19,2.0,0.2836223212973779,0.6931471805599453
1668,19,2.0,0.7424901711398041,0.6931471805599453
1669,19,2.0,0.8314704599021802,0.6931471805599453
1670,19,2.0,0.8768075926857176,0.6931471805599453
1671,19,2.0,0.6386800862146284,0.6931471805599453
1672,1,5.0,0.9885374461129394,1.6094379124341003
1673,1,5.0,2.411372248092239,1.6094379124341003
1674,1,5.0,2.3994652434266377,1.6094379124341003
1675,1,5.0,1.9977598289066967,1.6094379124341003
1676,1,5.0,1.9224440413352213,1.6094379124341003
1677,1,5.0,1.1311186575034258,1.6094379124341003
1678,1,5.0,1.52930637170974,1.6094379124341003
1679,1,5.0,1.3361256130024595,1.6094379124341003
1680,1,5.0,1.7371746901933562,1.6094379124341003
1681,1,5.0,1.1269632150597515,1.6094379124341003
1682,1,5.0,1.649371415757841,1.6094379124341003
1683,1,5.0,2.5499080942800227,1.6094379124341003
1684,1,5.0,1.0552148698631925,1.6094379124341003
1685,1,5.0,2.5035850435996534,1.6094379124341003
1686,1,5.0,2.408646155003332,1.6094379124341003
1687,1,5.0,2.2293155784680656,1.6094379124341003
1688,1,5.0,2.305388697978305,1.6094379124341003
1689,1,5.0,0.6565220482382933,1.6094379124341003
1690,1,5.0,1.197090813397626,1.6094379124341003
1691,1,5.0,1.7533848168443402,1.6094379124341003
1692,1,5.0,1.6435032200042494,1.6094379124341003
1693,1,5.0,1.1929785924781025,1.6094379124341003
1694,2,5.0,0.9869978894589656,1.6094379124341003
1695,2,5.0,1.9892879403919586,1.6094379124341003
1696,2,5.0,2.1322216290901403,1.6094379124341003
1697,2,5.0,1.4673610543733437,1.6094379124341003
1698,2,5.0,1.582816094453868,1.6094379124341003
1699,2,5.0,1.071471649603513,1.6094379124341003
1700,2,5.0,1.524318943791565,1.6094379124341003
1701,2,5.0,1.3264567862915704,1.6094379124341003
1702,2,5.0,1.6825136804680743,1.6094379124341003
1703,2,5.0,1.034283821062785,1.6094379124341003
1704,2,5.0,1.5920575403634338,1.6094379124341003
1705,2,5.0,2.424514981155278,1.6094379124341003
1706,2,5.0,1.0544908176063077,1.6094379124341003
1707,2,5.0,2.1346816462964644,1.6094379124341003
1708,2,5.0,2.0361359979456592,1.6094379124341003
1709,2,5.0,2.0658369057619717,1.6094379124341003
1710,2,5.0,2.077190111478674,1.6094379124341003
1711,2,5.0,0.6296380693779191,1.6094379124341003
1712,2,5.0,1.1498438238632127,1.6094379124341003
1713,2,5.0,1.7044890226150744,1.6094379124341003
1714,2,5.0,1.6044676056878064,1.6094379124341003
1715,2,5.0,1.1061370092219378,1.6094379124341003
1716,3,5.0,0.8669144336480141,1.6094379124341003
1717,3,5.0,1.8213307513928845,1.6094379124341003
1718,3,5.0,1.9498760918274385,1.6094379124341003
1719,3,5.0,1.4255852545567638,1.6094379124341003
1720,3,5.0,1.5295139467384724,1.6094379124341003
1721,3,5.0,1.0693411507487298,1.6094379124341003
1722,3,5.0,1.2304233573096164,1.6094379124341003
1723,3,5.0,1.2141472328562823,1.6094379124341003
1724,3,5.0,1.5747130822611008,1.6094379124341003
1725,3,5.0,1.029309642996572,1.6094379124341003
1726,3,5.0,1.4836604520903176,1.6094379124341003
1727,3,5.0,2.2343079591573027,1.6094379124341003
1728,3,5.0,1.0265221020109287,1.6094379124341003
1729,3,5.0,2.1059831429204974,1.6094379124341003
1730,3,5.0,2.01777411813645,1.6094379124341003
1731,3,5.0,1.931252998068334,1.6094379124341003
1732,3,5.0,1.922458551567366,1.6094379124341003
1733,3,5.0,0.6292941118400741,1.6094379124341003
1734,3,5.0,1.1368833190577967,1.6094379124341003
1735,3,5.0,1.6150868481539566,1.6094379124341003
1736,3,5.0,1.514024928783088,1.6094379124341003
1737,3,5.0,1.0887538360456104,1.6094379124341003
1738,4,5.0,0.7957008153524515,1.6094379124341003
1739,4,5.0,1.7161237145976682,1.6094379124341003
1740,4,5.0,1.843491489289466,1.6094379124341003
1741,4,5.0,1.399383857397292,1.6094379124341003
1742,4,5.0,1.497917744319767,1.6094379124341003
1743,4,5.0,1.0682182033656626,1.6094379124341003
1744,4,5.0,1.2139791959030604,1.6094379124341003
1745,4,5.0,1.1601727430739848,1.6094379124341003
1746,4,5.0,1.522357187696626,1.6094379124341003
1747,4,5.0,1.0271952540568603,1.6094379124341003
1748,4,5.0,1.4376123930843552,1.6094379124341003
1749,4,5.0,2.180578272649615,1.6094379124341003
1750,4,5.0,0.9117031946196142,1.6094379124341003
1751,4,5.0,2.0618170035565453,1.6094379124341003
1752,4,5.0,2.0017854312761676,1.6094379124341003
1753,4,5.0,1.8755714128896435,1.6094379124341003
1754,4,5.0,1.8698983806020628,1.6094379124341003
1755,4,5.0,0.6291469165504013,1.6094379124341003
1756,4,5.0,1.1206321558878138,1.6094379124341003
1757,4,5.0,1.562078462705494,1.6094379124341003
1758,4,5.0,1.4804984270478214,1.6094379124341003
1759,4,5.0,1.0429321586594866,1.6094379124341003
1760,5,5.0,0.8655966146878344,1.6094379124341003
1761,5,5.0,1.7744469338113487,1.6094379124341003
1762,5,5.0,1.8910972512628537,1.6094379124341003
1763,5,5.0,1.3631161213988907,1.6094379124341003
1764,5,5.0,1.4507563124147012,1.6094379124341003
1765,5,5.0,1.05111576420286,1.6094379124341003
1766,5,5.0,1.2285528217488948,1.6094379124341003
1767,5,5.0,1.208441343793975,1.6094379124341003
1768,5,5.0,1.468191415260001,1.6094379124341003
1769,5,5.0,0.8996993312051805,1.6094379124341003
1770,5,5.0,1.3832907394398861,1.6094379124341003
1771,5,5.0,1.8538681533115402,1.6094379124341003
1772,5,5.0,1.0263035568974932,1.6094379124341003
1773,5,5.0,1.9089343451712855,1.6094379124341003
1774,5,5.0,1.8228217952473216,1.6094379124341003
1775,5,5.0,1.8795657457189046,1.6094379124341003
1776,5,5.0,1.8609578742754573,1.6094379124341003
1777,5,5.0,0.614608852320769,1.6094379124341003
1778,5,5.0,1.1198451312496915,1.6094379124341003
1779,5,5.0,1.5525678082688066,1.6094379124341003
1780,5,5.0,1.4548483308402047,1.6094379124341003
1781,5,5.0,1.041407921126187,1.6094379124341003
1782,6,5.0,0.7261567890137371,1.6094379124341003
1783,6,5.0,1.5107017876702524,1.6094379124341003
1784,6,5.0,1.6622425870351905,1.6094379124341003
1785,6,5.0,1.2391259903505571,1.6094379124341003
1786,6,5.0,1.3674173277149133,1.6094379124341003
1787,6,5.0,1.061122347895593,1.6094379124341003
1788,6,5.0,1.209990832889679,1.6094379124341003
1789,6,5.0,1.1172891088031387,1.6094379124341003
1790,6,5.0,1.4731385758862605,1.6094379124341003
1791,6,5.0,1.0111456216976153,1.6094379124341003
1792,6,5.0,1.3859406353248716,1.6094379124341003
1793,6,5.0,2.118420998271401,1.6094379124341003
1794,6,5.0,0.9860739226718047,1.6094379124341003
1795,6,5.0,2.0321856414957975,1.6094379124341003
1796,6,5.0,1.9681777997027716,1.6094379124341003
1797,6,5.0,1.7739681577696425,1.6094379124341003
1798,6,5.0,1.7615133917024213,1.6094379124341003
1799,6,5.0,0.6256244039806859,1.6094379124341003
1800,6,5.0,1.06606997051355,1.6094379124341003
1801,6,5.0,1.464799111101474,1.6094379124341003
1802,6,5.0,1.3915492988607445,1.6094379124341003
1803,6,5.0,1.0467491607066446,1.6094379124341003
1804,7,5.0,0.7225777494438818,1.6094379124341003
1805,7,5.0,1.56612368455885,1.6094379124341003
1806,7,5.0,1.673744785089711,1.6094379124341003
1807,7,5.0,1.3133300687832679,1.6094379124341003
1808,7,5.0,1.3878239741681566,1.6094379124341003
1809,7,5.0,1.0485702569795683,1.6094379124341003
1810,7,5.0,1.2147375537932406,1.6094379124341003
1811,7,5.0,1.108824314911686,1.6094379124341003
1812,7,5.0,1.3613538061343504,1.6094379124341003
1813,7,5.0,0.8939009033260022,1.6094379124341003
1814,7,5.0,1.2898650067488135,1.6094379124341003
1815,7,5.0,1.7366456147764346,1.6094379124341003
1816,7,5.0,0.9555769975039758,1.6094379124341003
1817,7,5.0,1.8497600379116468,1.6094379124341003
1818,7,5.0,1.7991882894168112,1.6094379124341003
1819,7,5.0,1.8121226956448142,1.6094379124341003
1820,7,5.0,1.7962543851734096,1.6094379124341003
1821,7,5.0,0.6141562154993603,1.6094379124341003
1822,7,5.0,1.0853562049446979,1.6094379124341003
1823,7,5.0,1.4413440040221195,1.6094379124341003
1824,7,5.0,1.3716550765900009,1.6094379124341003
1825,7,5.0,0.9927686661960085,1.6094379124341003
1826,8,5.0,0.8404831410186455,1.6094379124341003
1827,8,5.0,1.6658969180059457,1.6094379124341003
1828,8,5.0,1.8004001540361083,1.6094379124341003
1829,8,5.0,1.2403518513510254,1.6094379124341003
1830,8,5.0,1.3560336890699538,1.6094379124341003
1831,8,5.0,1.0383252628549557,1.6094379124341003
1832,8,5.0,1.1108970628141739,1.6094379124341003
1833,8,5.0,1.1472224935796262,1.6094379124341003
1834,8,5.0,1.4246347039436036,1.6094379124341003
1835,8,5.0,0.8737247083939685,1.6094379124341003
1836,8,5.0,1.2925300969009734,1.6094379124341003
1837,8,5.0,1.7738966596206074,1.6094379124341003
1838,8,5.0,0.9585247398171813,1.6094379124341003
1839,8,5.0,1.8166474366609657,1.6094379124341003
1840,8,5.0,1.772456005149089,1.6094379124341003
1841,8,5.0,1.7578151637497335,1.6094379124341003
1842,8,5.0,1.7336443663369434,1.6094379124341003
1843,8,5.0,0.6129254542283401,1.6094379124341003
1844,8,5.0,1.0751082130529999,1.6094379124341003
1845,8,5.0,1.4876289613962947,1.6094379124341003
1846,8,5.0,1.4084241230683998,1.6094379124341003
1847,8,5.0,1.0169839071678857,1.6094379124341003
1848,9,5.0,0.7910895294297562,1.6094379124341003
1849,9,5.0,1.6584702158097804,1.6094379124341003
1850,9,5.0,1.6713820901672978,1.6094379124341003
1851,9,5.0,1.3299917429145913,1.6094379124341003
1852,9,5.0,1.2896824493380992,1.6094379124341003
1853,9,5.0,0.8994039846412136,1.6094379124341003
1854,9,5.0,1.1981133535954993,1.6094379124341003
1855,9,5.0,1.1458377125360515,1.6094379124341003
1856,9,5.0,1.3644280832976414,1.6094379124341003
1857,9,5.0,0.8439950853391773,1.6094379124341003
1858,9,5.0,1.3268770260909895,1.6094379124341003
1859,9,5.0,1.757205855671515,1.6094379124341003
1860,9,5.0,0.8579097122449684,1.6094379124341003
1861,9,5.0,1.8502451916950722,1.6094379124341003
1862,9,5.0,1.7860768859516167,1.6094379124341003
1863,9,5.0,1.7930025316365157,1.6094379124341003
1864,9,5.0,1.8034228930195575,1.6094379124341003
1865,9,5.0,0.505046493254111,1.6094379124341003
1866,9,5.0,1.0981398021051614,1.6094379124341003
1867,9,5.0,1.4172611238644754,1.6094379124341003
1868,9,5.0,1.3711749908354636,1.6094379124341003
1869,9,5.0,0.9777239568008336,1.6094379124341003
1870,10,5.0,0.8646784509813034,1.6094379124341003
1871,10,5.0,1.6871226327551725,1.6094379124341003
1872,10,5.0,1.7998058340134162,1.6094379124341003
1873,10,5.0,1.2450965812399193,1.6094379124341003
1874,10,5.0,1.3278204834360723,1.6094379124341003
1875,10,5.0,1.016675755748143,1.6094379124341003
1876,10,5.0,1.2244349881784158,1.6094379124341003
1877,10,5.0,1.2007452821423077,1.6094379124341003
1878,10,5.0,1.4204588992741642,1.6094379124341003
1879,10,5.0,0.8473119810632693,1.6094379124341003
1880,10,5.0,1.3625060545616456,1.6094379124341003
1881,10,5.0,1.822635594523784,1.6094379124341003
1882,10,5.0,1.023989053810516,1.6094379124341003
1883,10,5.0,1.8767884714819072,1.6094379124341003
1884,10,5.0,1.7881131974644353,1.6094379124341003
1885,10,5.0,1.813889308740161,1.6094379124341003
1886,10,5.0,1.7924096731167423,1.6094379124341003
1887,10,5.0,0.5794401228589323,1.6094379124341003
1888,10,5.0,1.0843758548572044,1.6094379124341003
1889,10,5.0,1.4844526242378915,1.6094379124341003
1890,10,5.0,1.4142376465446955,1.6094379124341003
1891,10,5.0,1.0282831077955215,1.6094379124341003
1892,11,5.0,0.7595806596502379,1.6094379124341003
1893,11,5.0,1.6016524773378504,1.6094379124341003
1894,11,5.0,1.6742758698016085,1.6094379124341003
1895,11,5.0,1.2969630537934977,1.6094379124341003
1896,11,5.0,1.325117779693686,1.6094379124341003
1897,11,5.0,0.9832061697015184,1.6094379124341003
1898,11,5.0,1.098782644094437,1.6094379124341003
1899,11,5.0,1.11577647890299,1.6094379124341003
1900,11,5.0,1.3561097363785237,1.6094379124341003
1901,11,5.0,0.8361462743639365,1.6094379124341003
1902,11,5.0,1.2411594217708393,1.6094379124341003
1903,11,5.0,1.610084063526881,1.6094379124341003
1904,11,5.0,0.8579008980221058,1.6094379124341003
1905,11,5.0,1.773057180817908,1.6094379124341003
1906,11,5.0,1.7100649426460712,1.6094379124341003
1907,11,5.0,1.759764588040756,1.6094379124341003
1908,11,5.0,1.7538406183922906,1.6094379124341003
1909,11,5.0,0.5438059208571401,1.6094379124341003
1910,11,5.0,1.0791038107211017,1.6094379124341003
1911,11,5.0,1.4056214850838207,1.6094379124341003
1912,11,5.0,1.344559121569625,1.6094379124341003
1913,11,5.0,0.9658341135360987,1.6094379124341003
1914,12,5.0,0.8596518062306489,1.6094379124341003
1915,12,5.0,1.6773165554663902,1.6094379124341003
1916,12,5.0,1.7330985608611642,1.6094379124341003
1917,12,5.0,1.2318369385066823,1.6094379124341003
1918,12,5.0,1.2524498685373586,1.6094379124341003
1919,12,5.0,0.9096082983954981,1.6094379124341003
1920,12,5.0,1.1955186675395995,1.6094379124341003
1921,12,5.0,1.1573802107505058,1.6094379124341003
1922,12,5.0,1.3472657236546866,1.6094379124341003
1923,12,5.0,0.8034220641613457,1.6094379124341003
1924,12,5.0,1.2912670397499793,1.6094379124341003
1925,12,5.0,1.7248850720814044,1.6094379124341003
1926,12,5.0,0.9082298157134394,1.6094379124341003
1927,12,5.0,1.7538491022454739,1.6094379124341003
1928,12,5.0,1.7011584629750918,1.6094379124341003
1929,12,5.0,1.7355988168130416,1.6094379124341003
1930,12,5.0,1.7226439411188892,1.6094379124341003
1931,12,5.0,0.4944070721636106,1.6094379124341003
1932,12,5.0,1.0640486152559414,1.6094379124341003
1933,12,5.0,1.4209236534547272,1.6094379124341003
1934,12,5.0,1.3762847839858634,1.6094379124341003
1935,12,5.0,0.9871502476808153,1.6094379124341003
1936,13,5.0,0.7314115761608386,1.6094379124341003
1937,13,5.0,1.4871357656366722,1.6094379124341003
1938,13,5.0,1.5098183804428198,1.6094379124341003
1939,13,5.0,1.1957486767341916,1.6094379124341003
1940,13,5.0,1.174188378148852,1.6094379124341003
1941,13,5.0,0.9124249651692083,1.6094379124341003
1942,13,5.0,1.1848515813887481,1.6094379124341003
1943,13,5.0,1.1126951511285676,1.6094379124341003
1944,13,5.0,1.3254709676324514,1.6094379124341003
1945,13,5.0,0.8294795325188358,1.6094379124341003
1946,13,5.0,1.2832796546114373,1.6094379124341003
1947,13,5.0,1.6967758012105683,1.6094379124341003
1948,13,5.0,0.8574405531068717,1.6094379124341003
1949,13,5.0,1.8220913675593289,1.6094379124341003
1950,13,5.0,1.7598911740435486,1.6094379124341003
1951,13,5.0,1.7242543138185327,1.6094379124341003
1952,13,5.0,1.7305028206502409,1.6094379124341003
1953,13,5.0,0.5039357953513672,1.6094379124341003
1954,13,5.0,1.0551744904952745,1.6094379124341003
1955,13,5.0,1.3163787969958998,1.6094379124341003
1956,13,5.0,1.296736720628663,1.6094379124341003
1957,13,5.0,0.971634518562724,1.6094379124341003
1958,14,5.0,0.7202761134344896,1.6094379124341003
1959,14,5.0,1.4056257975273025,1.6094379124341003
1960,14,5.0,1.4408085196760247,1.6094379124341003
1961,14,5.0,1.0961476426636374,1.6094379124341003
1962,14,5.0,1.0880556430200792,1.6094379124341003
1963,14,5.0,0.8864355844963977,1.6094379124341003
1964,14,5.0,1.1484152244198382,1.6094379124341003
1965,14,5.0,1.091898096522752,1.6094379124341003
1966,14,5.0,1.264540861815703,1.6094379124341003
1967,14,5.0,0.7870474953311598,1.6094379124341003
1968,14,5.0,1.2324334755388209,1.6094379124341003
1969,14,5.0,1.6851633068761935,1.6094379124341003
1970,14,5.0,0.8768768756143139,1.6094379124341003
1971,14,5.0,1.7637636700507389,1.6094379124341003
1972,14,5.0,1.7046568807405438,1.6094379124341003
1973,14,5.0,1.6745653463787284,1.6094379124341003
1974,14,5.0,1.6992797832333495,1.6094379124341003
1975,14,5.0,0.48058685392088035,1.6094379124341003
1976,14,5.0,1.0197443567092643,1.6094379124341003
1977,14,5.0,1.2644278312503079,1.6094379124341003
1978,14,5.0,1.2490164482851993,1.6094379124341003
1979,14,5.0,0.9575266319817053,1.6094379124341003
1980,15,5.0,0.7875712222146175,1.6094379124341003
1981,15,5.0,1.530962668180464,1.6094379124341003
1982,15,5.0,1.6027757282690673,1.6094379124341003
1983,15,5.0,1.1586355934984542,1.6094379124341003
1984,15,5.0,1.1994557180137522,1.6094379124341003
1985,15,5.0,0.9180838103218957,1.6094379124341003
1986,15,5.0,1.162531320873248,1.6094379124341003
1987,15,5.0,1.0855216584065293,1.6094379124341003
1988,15,5.0,1.2797331582962057,1.6094379124341003
1989,15,5.0,0.8003835932296613,1.6094379124341003
1990,15,5.0,1.2164489321136491,1.6094379124341003
1991,15,5.0,1.634805009320142,1.6094379124341003
1992,15,5.0,0.7320588628765425,1.6094379124341003
1993,15,5.0,1.6169130539755798,1.6094379124341003
1994,15,5.0,1.602577248334873,1.6094379124341003
1995,15,5.0,1.6305548523162585,1.6094379124341003
1996,15,5.0,1.60507247381946,1.6094379124341003
1997,15,5.0,0.5131591298044446,1.6094379124341003
1998,15,5.0,1.0156568779787236,1.6094379124341003
1999,15,5.0,1.3338729198144885,1.6094379124341003
2000,15,5.0,1.3345642272778027,1.6094379124341003
2001,15,5.0,0.9336995832471003,1.6094379124341003
2002,16,5.0,0.7674006831561997,1.6094379124341003
2003,16,5.0,1.4928288173983852,1.6094379124341003
2004,16,5.0,1.5683562199476087,1.6094379124341003
2005,16,5.0,1.1280611353817787,1.6094379124341003
2006,16,5.0,1.174324407565539,1.6094379124341003
2007,16,5.0,0.9027595562473388,1.6094379124341003
2008,16,5.0,1.1413747819289068,1.6094379124341003
2009,16,5.0,1.0800844926094382,1.6094379124341003
2010,16,5.0,1.2700526496787807,1.6094379124341003
2011,16,5.0,0.8001242614794328,1.6094379124341003
2012,16,5.0,1.2477245063576283,1.6094379124341003
2013,16,5.0,1.714786960175313,1.6094379124341003
2014,16,5.0,0.7582545791696794,1.6094379124341003
2015,16,5.0,1.687857120317214,1.6094379124341003
2016,16,5.0,1.6840593476042813,1.6094379124341003
2017,16,5.0,1.6178373976219897,1.6094379124341003
2018,16,5.0,1.6137977437099222,1.6094379124341003
2019,16,5.0,0.49663899769761366,1.6094379124341003
2020,16,5.0,1.0141974838173886,1.6094379124341003
2021,16,5.0,1.3251334128682581,1.6094379124341003
2022,16,5.0,1.307843958186754,1.6094379124341003
2023,16,5.0,0.927925711903138,1.6094379124341003
2024,17,5.0,0.6897414490086913,1.6094379124341003
2025,17,5.0,1.5242744084382411,1.6094379124341003
2026,17,5.0,1.5123550791263298,1.6094379124341003
2027,17,5.0,1.2965042087762102,1.6094379124341003
2028,17,5.0,1.2300835223976112,1.6094379124341003
2029,17,5.0,0.8748016525241208,1.6094379124341003
2030,17,5.0,1.0906797713862515,1.6094379124341003
2031,17,5.0,1.0705440852085466,1.6094379124341003
2032,17,5.0,1.257165340830577,1.6094379124341003
2033,17,5.0,0.777924067977552,1.6094379124341003
2034,17,5.0,1.1832164947032404,1.6094379124341003
2035,17,5.0,1.5287643135972584,1.6094379124341003
2036,17,5.0,0.8415077356736614,1.6094379124341003
2037,17,5.0,1.731207918561019,1.6094379124341003
2038,17,5.0,1.6807868060355253,1.6094379124341003
2039,17,5.0,1.7296216604524308,1.6094379124341003
2040,17,5.0,1.7490331038005786,1.6094379124341003
2041,17,5.0,0.4763512620438953,1.6094379124341003
2042,17,5.0,1.0602143165800444,1.6094379124341003
2043,17,5.0,1.328369841715435,1.6094379124341003
2044,17,5.0,1.2940138131891699,1.6094379124341003
2045,17,5.0,0.9350849374517873,1.6094379124341003
2046,18,5.0,0.6899526670229498,1.6094379124341003
2047,18,5.0,1.4174134928601159,1.6094379124341003
2048,18,5.0,1.447268096501302,1.6094379124341003
2049,18,5.0,1.1534627644905464,1.6094379124341003
2050,18,5.0,1.146712455523212,1.6094379124341003
2051,18,5.0,0.7865061583775377,1.6094379124341003
2052,18,5.0,1.0790533845780603,1.6094379124341003
2053,18,5.0,1.0238755133853426,1.6094379124341003
2054,18,5.0,1.2030599569662512,1.6094379124341003
2055,18,5.0,0.7423071269611895,1.6094379124341003
2056,18,5.0,1.0989275814680508,1.6094379124341003
2057,18,5.0,1.4686579360582566,1.6094379124341003
2058,18,5.0,0.8268082860256561,1.6094379124341003
2059,18,5.0,1.6147933317801897,1.6094379124341003
2060,18,5.0,1.6043225788525657,1.6094379124341003
2061,18,5.0,1.6208341918652809,1.6094379124341003
2062,18,5.0,1.600558169323928,1.6094379124341003
2063,18,5.0,0.4289325937687546,1.6094379124341003
2064,18,5.0,1.0170217831662467,1.6094379124341003
2065,18,5.0,1.2554808185997222,1.6094379124341003
2066,18,5.0,1.2417346376637557,1.6094379124341003
2067,18,5.0,0.9135343775503848,1.6094379124341003
2068,19,5.0,0.720558959383715,1.6094379124341003
2069,19,5.0,1.4468419401812456,1.6094379124341003
2070,19,5.0,1.4505293119864142,1.6094379124341003
2071,19,5.0,1.159138914702164,1.6094379124341003
2072,19,5.0,1.1110467848611654,1.6094379124341003
2073,19,5.0,0.8307856845036186,1.6094379124341003
2074,19,5.0,1.1906547915594672,1.6094379124341003
2075,19,5.0,1.0965392688253486,1.6094379124341003
2076,19,5.0,1.2692482871481554,1.6094379124341003
2077,19,5.0,0.7758117303820826,1.6094379124341003
2078,19,5.0,1.2202123272125291,1.6094379124341003
2079,19,5.0,1.5939516773394007,1.6094379124341003
2080,19,5.0,0.9360755157281564,1.6094379124341003
2081,19,5.0,1.739222517613166,1.6094379124341003
2082,19,5.0,1.6714059861164965,1.6094379124341003
2083,19,5.0,1.6268774392782537,1.6094379124341003
2084,19,5.0,1.6323656588259787,1.6094379124341003
2085,19,5.0,0.4648789213519406,1.6094379124341003
2086,19,5.0,1.0133460399827519,1.6094379124341003
2087,19,5.0,1.2652238292251947,1.6094379124341003
2088,19,5.0,1.258480133868136,1.6094379124341003
2089,19,5.0,0.9628617281646403,1.6094379124341003
